0,My_Test_ECU_1,MonitorTags.BT_ECU_RECEIVE_BUFFER,0
0,My_Test_ECU_1,MonitorTags.BT_ECU_TRANSMIT_BUFFER,0
0,My_Test_ECU_2,MonitorTags.BT_ECU_RECEIVE_BUFFER,0
0,My_Test_ECU_2,MonitorTags.BT_ECU_TRANSMIT_BUFFER,0
0,My_Test_ECU_3,MonitorTags.BT_ECU_RECEIVE_BUFFER,0
0,My_Test_ECU_3,MonitorTags.BT_ECU_TRANSMIT_BUFFER,0
0,My_Test_ECU_4,MonitorTags.BT_ECU_RECEIVE_BUFFER,0
0,My_Test_ECU_4,MonitorTags.BT_ECU_TRANSMIT_BUFFER,0
0,My_Test_ECU_5,MonitorTags.BT_ECU_RECEIVE_BUFFER,0
0,My_Test_ECU_5,MonitorTags.BT_ECU_TRANSMIT_BUFFER,0
0,My_Test_ECU_6,MonitorTags.BT_ECU_RECEIVE_BUFFER,0
0,My_Test_ECU_6,MonitorTags.BT_ECU_TRANSMIT_BUFFER,0
0.48,My_Test_ECU_1,MonitorTags.BT_ECU_RECEIVE_BUFFER,0
0.48,My_Test_ECU_1,MonitorTags.BT_ECU_TRANSMIT_BUFFER,0
0.48,My_Test_ECU_2,MonitorTags.BT_ECU_RECEIVE_BUFFER,0
0.48,My_Test_ECU_2,MonitorTags.BT_ECU_TRANSMIT_BUFFER,0
0.48,My_Test_ECU_3,MonitorTags.BT_ECU_RECEIVE_BUFFER,0
0.48,My_Test_ECU_3,MonitorTags.BT_ECU_TRANSMIT_BUFFER,0
0.48,My_Test_ECU_4,MonitorTags.BT_ECU_RECEIVE_BUFFER,0
0.48,My_Test_ECU_4,MonitorTags.BT_ECU_TRANSMIT_BUFFER,0
0.48,My_Test_ECU_5,MonitorTags.BT_ECU_RECEIVE_BUFFER,0
0.48,My_Test_ECU_5,MonitorTags.BT_ECU_TRANSMIT_BUFFER,0
0.48,My_Test_ECU_6,MonitorTags.BT_ECU_RECEIVE_BUFFER,0
0.48,My_Test_ECU_6,MonitorTags.BT_ECU_TRANSMIT_BUFFER,0
0.96,My_Test_ECU_1,MonitorTags.BT_ECU_RECEIVE_BUFFER,0
0.96,My_Test_ECU_1,MonitorTags.BT_ECU_TRANSMIT_BUFFER,0
0.96,My_Test_ECU_2,MonitorTags.BT_ECU_RECEIVE_BUFFER,0
0.96,My_Test_ECU_2,MonitorTags.BT_ECU_TRANSMIT_BUFFER,0
0.96,My_Test_ECU_3,MonitorTags.BT_ECU_RECEIVE_BUFFER,0
0.96,My_Test_ECU_3,MonitorTags.BT_ECU_TRANSMIT_BUFFER,0
0.96,My_Test_ECU_4,MonitorTags.BT_ECU_RECEIVE_BUFFER,0
0.96,My_Test_ECU_4,MonitorTags.BT_ECU_TRANSMIT_BUFFER,0
0.96,My_Test_ECU_5,MonitorTags.BT_ECU_RECEIVE_BUFFER,0
0.96,My_Test_ECU_5,MonitorTags.BT_ECU_TRANSMIT_BUFFER,0
0.96,My_Test_ECU_6,MonitorTags.BT_ECU_RECEIVE_BUFFER,0
0.96,My_Test_ECU_6,MonitorTags.BT_ECU_TRANSMIT_BUFFER,0
1.44,My_Test_ECU_1,MonitorTags.BT_ECU_RECEIVE_BUFFER,0
1.44,My_Test_ECU_1,MonitorTags.BT_ECU_TRANSMIT_BUFFER,0
1.44,My_Test_ECU_2,MonitorTags.BT_ECU_RECEIVE_BUFFER,0
1.44,My_Test_ECU_2,MonitorTags.BT_ECU_TRANSMIT_BUFFER,0
1.44,My_Test_ECU_3,MonitorTags.BT_ECU_RECEIVE_BUFFER,0
1.44,My_Test_ECU_3,MonitorTags.BT_ECU_TRANSMIT_BUFFER,0
1.44,My_Test_ECU_4,MonitorTags.BT_ECU_RECEIVE_BUFFER,0
1.44,My_Test_ECU_4,MonitorTags.BT_ECU_TRANSMIT_BUFFER,0
1.44,My_Test_ECU_5,MonitorTags.BT_ECU_RECEIVE_BUFFER,0
1.44,My_Test_ECU_5,MonitorTags.BT_ECU_TRANSMIT_BUFFER,0
1.44,My_Test_ECU_6,MonitorTags.BT_ECU_RECEIVE_BUFFER,0
1.44,My_Test_ECU_6,MonitorTags.BT_ECU_TRANSMIT_BUFFER,0
1.92,My_Test_ECU_1,MonitorTags.BT_ECU_RECEIVE_BUFFER,0
1.92,My_Test_ECU_1,MonitorTags.BT_ECU_TRANSMIT_BUFFER,0
1.92,My_Test_ECU_2,MonitorTags.BT_ECU_RECEIVE_BUFFER,0
1.92,My_Test_ECU_2,MonitorTags.BT_ECU_TRANSMIT_BUFFER,0
1.92,My_Test_ECU_3,MonitorTags.BT_ECU_RECEIVE_BUFFER,0
1.92,My_Test_ECU_3,MonitorTags.BT_ECU_TRANSMIT_BUFFER,0
1.92,My_Test_ECU_4,MonitorTags.BT_ECU_RECEIVE_BUFFER,0
1.92,My_Test_ECU_4,MonitorTags.BT_ECU_TRANSMIT_BUFFER,0
1.92,My_Test_ECU_5,MonitorTags.BT_ECU_RECEIVE_BUFFER,0
1.92,My_Test_ECU_5,MonitorTags.BT_ECU_TRANSMIT_BUFFER,0
1.92,My_Test_ECU_6,MonitorTags.BT_ECU_RECEIVE_BUFFER,0
1.92,My_Test_ECU_6,MonitorTags.BT_ECU_TRANSMIT_BUFFER,0
2.4,My_Test_ECU_1,MonitorTags.BT_ECU_RECEIVE_BUFFER,0
2.4,My_Test_ECU_1,MonitorTags.BT_ECU_TRANSMIT_BUFFER,0.0
2.4,My_Test_ECU_2,MonitorTags.BT_ECU_RECEIVE_BUFFER,0
2.4,My_Test_ECU_2,MonitorTags.BT_ECU_TRANSMIT_BUFFER,0
2.4,My_Test_ECU_3,MonitorTags.BT_ECU_RECEIVE_BUFFER,0
2.4,My_Test_ECU_3,MonitorTags.BT_ECU_TRANSMIT_BUFFER,0
2.4,My_Test_ECU_4,MonitorTags.BT_ECU_RECEIVE_BUFFER,0
2.4,My_Test_ECU_4,MonitorTags.BT_ECU_TRANSMIT_BUFFER,0
2.4,My_Test_ECU_5,MonitorTags.BT_ECU_RECEIVE_BUFFER,0
2.4,My_Test_ECU_5,MonitorTags.BT_ECU_TRANSMIT_BUFFER,0
2.4,My_Test_ECU_6,MonitorTags.BT_ECU_RECEIVE_BUFFER,0
2.4,My_Test_ECU_6,MonitorTags.BT_ECU_TRANSMIT_BUFFER,0
2.88,My_Test_ECU_1,MonitorTags.BT_ECU_RECEIVE_BUFFER,0
2.88,My_Test_ECU_1,MonitorTags.BT_ECU_TRANSMIT_BUFFER,0.0
2.88,My_Test_ECU_2,MonitorTags.BT_ECU_RECEIVE_BUFFER,0
2.88,My_Test_ECU_2,MonitorTags.BT_ECU_TRANSMIT_BUFFER,0
2.88,My_Test_ECU_3,MonitorTags.BT_ECU_RECEIVE_BUFFER,0
2.88,My_Test_ECU_3,MonitorTags.BT_ECU_TRANSMIT_BUFFER,0
2.88,My_Test_ECU_4,MonitorTags.BT_ECU_RECEIVE_BUFFER,0
2.88,My_Test_ECU_4,MonitorTags.BT_ECU_TRANSMIT_BUFFER,0
2.88,My_Test_ECU_5,MonitorTags.BT_ECU_RECEIVE_BUFFER,0
2.88,My_Test_ECU_5,MonitorTags.BT_ECU_TRANSMIT_BUFFER,0
2.88,My_Test_ECU_6,MonitorTags.BT_ECU_RECEIVE_BUFFER,0
2.88,My_Test_ECU_6,MonitorTags.BT_ECU_TRANSMIT_BUFFER,0
3.36,My_Test_ECU_1,MonitorTags.BT_ECU_RECEIVE_BUFFER,0
3.36,My_Test_ECU_1,MonitorTags.BT_ECU_TRANSMIT_BUFFER,0.0
3.36,My_Test_ECU_2,MonitorTags.BT_ECU_RECEIVE_BUFFER,0
3.36,My_Test_ECU_2,MonitorTags.BT_ECU_TRANSMIT_BUFFER,0
3.36,My_Test_ECU_3,MonitorTags.BT_ECU_RECEIVE_BUFFER,0
3.36,My_Test_ECU_3,MonitorTags.BT_ECU_TRANSMIT_BUFFER,0
3.36,My_Test_ECU_4,MonitorTags.BT_ECU_RECEIVE_BUFFER,0
3.36,My_Test_ECU_4,MonitorTags.BT_ECU_TRANSMIT_BUFFER,0
3.36,My_Test_ECU_5,MonitorTags.BT_ECU_RECEIVE_BUFFER,0
3.36,My_Test_ECU_5,MonitorTags.BT_ECU_TRANSMIT_BUFFER,0
3.36,My_Test_ECU_6,MonitorTags.BT_ECU_RECEIVE_BUFFER,0
3.36,My_Test_ECU_6,MonitorTags.BT_ECU_TRANSMIT_BUFFER,0
3.84,My_Test_ECU_1,MonitorTags.BT_ECU_RECEIVE_BUFFER,0
3.84,My_Test_ECU_1,MonitorTags.BT_ECU_TRANSMIT_BUFFER,0.0
3.84,My_Test_ECU_2,MonitorTags.BT_ECU_RECEIVE_BUFFER,0
3.84,My_Test_ECU_2,MonitorTags.BT_ECU_TRANSMIT_BUFFER,0
3.84,My_Test_ECU_3,MonitorTags.BT_ECU_RECEIVE_BUFFER,0
3.84,My_Test_ECU_3,MonitorTags.BT_ECU_TRANSMIT_BUFFER,0
3.84,My_Test_ECU_4,MonitorTags.BT_ECU_RECEIVE_BUFFER,0
3.84,My_Test_ECU_4,MonitorTags.BT_ECU_TRANSMIT_BUFFER,0
3.84,My_Test_ECU_5,MonitorTags.BT_ECU_RECEIVE_BUFFER,0
3.84,My_Test_ECU_5,MonitorTags.BT_ECU_TRANSMIT_BUFFER,0
3.84,My_Test_ECU_6,MonitorTags.BT_ECU_RECEIVE_BUFFER,0
3.84,My_Test_ECU_6,MonitorTags.BT_ECU_TRANSMIT_BUFFER,0
4.32,My_Test_ECU_1,MonitorTags.BT_ECU_RECEIVE_BUFFER,0
4.32,My_Test_ECU_1,MonitorTags.BT_ECU_TRANSMIT_BUFFER,0.0
4.32,My_Test_ECU_2,MonitorTags.BT_ECU_RECEIVE_BUFFER,0
4.32,My_Test_ECU_2,MonitorTags.BT_ECU_TRANSMIT_BUFFER,0
4.32,My_Test_ECU_3,MonitorTags.BT_ECU_RECEIVE_BUFFER,0
4.32,My_Test_ECU_3,MonitorTags.BT_ECU_TRANSMIT_BUFFER,0
4.32,My_Test_ECU_4,MonitorTags.BT_ECU_RECEIVE_BUFFER,0
4.32,My_Test_ECU_4,MonitorTags.BT_ECU_TRANSMIT_BUFFER,0
4.32,My_Test_ECU_5,MonitorTags.BT_ECU_RECEIVE_BUFFER,0
4.32,My_Test_ECU_5,MonitorTags.BT_ECU_TRANSMIT_BUFFER,0
4.32,My_Test_ECU_6,MonitorTags.BT_ECU_RECEIVE_BUFFER,0
4.32,My_Test_ECU_6,MonitorTags.BT_ECU_TRANSMIT_BUFFER,0
4.800000000000001,My_Test_ECU_1,MonitorTags.BT_ECU_RECEIVE_BUFFER,0
4.800000000000001,My_Test_ECU_1,MonitorTags.BT_ECU_TRANSMIT_BUFFER,0.0
4.800000000000001,My_Test_ECU_2,MonitorTags.BT_ECU_RECEIVE_BUFFER,0
4.800000000000001,My_Test_ECU_2,MonitorTags.BT_ECU_TRANSMIT_BUFFER,0
4.800000000000001,My_Test_ECU_3,MonitorTags.BT_ECU_RECEIVE_BUFFER,0
4.800000000000001,My_Test_ECU_3,MonitorTags.BT_ECU_TRANSMIT_BUFFER,0
4.800000000000001,My_Test_ECU_4,MonitorTags.BT_ECU_RECEIVE_BUFFER,0
4.800000000000001,My_Test_ECU_4,MonitorTags.BT_ECU_TRANSMIT_BUFFER,0
4.800000000000001,My_Test_ECU_5,MonitorTags.BT_ECU_RECEIVE_BUFFER,0
4.800000000000001,My_Test_ECU_5,MonitorTags.BT_ECU_TRANSMIT_BUFFER,0
4.800000000000001,My_Test_ECU_6,MonitorTags.BT_ECU_RECEIVE_BUFFER,0
4.800000000000001,My_Test_ECU_6,MonitorTags.BT_ECU_TRANSMIT_BUFFER,0
5.280000000000001,My_Test_ECU_1,MonitorTags.BT_ECU_RECEIVE_BUFFER,0
5.280000000000001,My_Test_ECU_1,MonitorTags.BT_ECU_TRANSMIT_BUFFER,0.0
5.280000000000001,My_Test_ECU_2,MonitorTags.BT_ECU_RECEIVE_BUFFER,0
5.280000000000001,My_Test_ECU_2,MonitorTags.BT_ECU_TRANSMIT_BUFFER,0
5.280000000000001,My_Test_ECU_3,MonitorTags.BT_ECU_RECEIVE_BUFFER,0
5.280000000000001,My_Test_ECU_3,MonitorTags.BT_ECU_TRANSMIT_BUFFER,0
5.280000000000001,My_Test_ECU_4,MonitorTags.BT_ECU_RECEIVE_BUFFER,0
5.280000000000001,My_Test_ECU_4,MonitorTags.BT_ECU_TRANSMIT_BUFFER,0
5.280000000000001,My_Test_ECU_5,MonitorTags.BT_ECU_RECEIVE_BUFFER,0
5.280000000000001,My_Test_ECU_5,MonitorTags.BT_ECU_TRANSMIT_BUFFER,0
5.280000000000001,My_Test_ECU_6,MonitorTags.BT_ECU_RECEIVE_BUFFER,0
5.280000000000001,My_Test_ECU_6,MonitorTags.BT_ECU_TRANSMIT_BUFFER,0
5.760000000000002,My_Test_ECU_1,MonitorTags.BT_ECU_RECEIVE_BUFFER,0
5.760000000000002,My_Test_ECU_1,MonitorTags.BT_ECU_TRANSMIT_BUFFER,0.0
5.760000000000002,My_Test_ECU_2,MonitorTags.BT_ECU_RECEIVE_BUFFER,0
5.760000000000002,My_Test_ECU_2,MonitorTags.BT_ECU_TRANSMIT_BUFFER,0
5.760000000000002,My_Test_ECU_3,MonitorTags.BT_ECU_RECEIVE_BUFFER,0
5.760000000000002,My_Test_ECU_3,MonitorTags.BT_ECU_TRANSMIT_BUFFER,0
5.760000000000002,My_Test_ECU_4,MonitorTags.BT_ECU_RECEIVE_BUFFER,0
5.760000000000002,My_Test_ECU_4,MonitorTags.BT_ECU_TRANSMIT_BUFFER,0
5.760000000000002,My_Test_ECU_5,MonitorTags.BT_ECU_RECEIVE_BUFFER,0
5.760000000000002,My_Test_ECU_5,MonitorTags.BT_ECU_TRANSMIT_BUFFER,0
5.760000000000002,My_Test_ECU_6,MonitorTags.BT_ECU_RECEIVE_BUFFER,0
5.760000000000002,My_Test_ECU_6,MonitorTags.BT_ECU_TRANSMIT_BUFFER,0
6.240000000000002,My_Test_ECU_1,MonitorTags.BT_ECU_RECEIVE_BUFFER,0
6.240000000000002,My_Test_ECU_1,MonitorTags.BT_ECU_TRANSMIT_BUFFER,0.0
6.240000000000002,My_Test_ECU_2,MonitorTags.BT_ECU_RECEIVE_BUFFER,0
6.240000000000002,My_Test_ECU_2,MonitorTags.BT_ECU_TRANSMIT_BUFFER,0
6.240000000000002,My_Test_ECU_3,MonitorTags.BT_ECU_RECEIVE_BUFFER,0
6.240000000000002,My_Test_ECU_3,MonitorTags.BT_ECU_TRANSMIT_BUFFER,0
6.240000000000002,My_Test_ECU_4,MonitorTags.BT_ECU_RECEIVE_BUFFER,0
6.240000000000002,My_Test_ECU_4,MonitorTags.BT_ECU_TRANSMIT_BUFFER,0
6.240000000000002,My_Test_ECU_5,MonitorTags.BT_ECU_RECEIVE_BUFFER,0
6.240000000000002,My_Test_ECU_5,MonitorTags.BT_ECU_TRANSMIT_BUFFER,0
6.240000000000002,My_Test_ECU_6,MonitorTags.BT_ECU_RECEIVE_BUFFER,0
6.240000000000002,My_Test_ECU_6,MonitorTags.BT_ECU_TRANSMIT_BUFFER,0
6.720000000000002,My_Test_ECU_1,MonitorTags.BT_ECU_RECEIVE_BUFFER,0
6.720000000000002,My_Test_ECU_1,MonitorTags.BT_ECU_TRANSMIT_BUFFER,0.0
6.720000000000002,My_Test_ECU_2,MonitorTags.BT_ECU_RECEIVE_BUFFER,0
6.720000000000002,My_Test_ECU_2,MonitorTags.BT_ECU_TRANSMIT_BUFFER,0
6.720000000000002,My_Test_ECU_3,MonitorTags.BT_ECU_RECEIVE_BUFFER,0
6.720000000000002,My_Test_ECU_3,MonitorTags.BT_ECU_TRANSMIT_BUFFER,0
6.720000000000002,My_Test_ECU_4,MonitorTags.BT_ECU_RECEIVE_BUFFER,0
6.720000000000002,My_Test_ECU_4,MonitorTags.BT_ECU_TRANSMIT_BUFFER,0
6.720000000000002,My_Test_ECU_5,MonitorTags.BT_ECU_RECEIVE_BUFFER,0
6.720000000000002,My_Test_ECU_5,MonitorTags.BT_ECU_TRANSMIT_BUFFER,0
6.720000000000002,My_Test_ECU_6,MonitorTags.BT_ECU_RECEIVE_BUFFER,0
6.720000000000002,My_Test_ECU_6,MonitorTags.BT_ECU_TRANSMIT_BUFFER,0
7.200000000000003,My_Test_ECU_1,MonitorTags.BT_ECU_RECEIVE_BUFFER,0
7.200000000000003,My_Test_ECU_1,MonitorTags.BT_ECU_TRANSMIT_BUFFER,0.0
7.200000000000003,My_Test_ECU_2,MonitorTags.BT_ECU_RECEIVE_BUFFER,0
7.200000000000003,My_Test_ECU_2,MonitorTags.BT_ECU_TRANSMIT_BUFFER,0
7.200000000000003,My_Test_ECU_3,MonitorTags.BT_ECU_RECEIVE_BUFFER,0
7.200000000000003,My_Test_ECU_3,MonitorTags.BT_ECU_TRANSMIT_BUFFER,0
7.200000000000003,My_Test_ECU_4,MonitorTags.BT_ECU_RECEIVE_BUFFER,0
7.200000000000003,My_Test_ECU_4,MonitorTags.BT_ECU_TRANSMIT_BUFFER,0
7.200000000000003,My_Test_ECU_5,MonitorTags.BT_ECU_RECEIVE_BUFFER,0
7.200000000000003,My_Test_ECU_5,MonitorTags.BT_ECU_TRANSMIT_BUFFER,0
7.200000000000003,My_Test_ECU_6,MonitorTags.BT_ECU_RECEIVE_BUFFER,0
7.200000000000003,My_Test_ECU_6,MonitorTags.BT_ECU_TRANSMIT_BUFFER,0
7.680000000000003,My_Test_ECU_1,MonitorTags.BT_ECU_RECEIVE_BUFFER,0
7.680000000000003,My_Test_ECU_1,MonitorTags.BT_ECU_TRANSMIT_BUFFER,0.0
7.680000000000003,My_Test_ECU_2,MonitorTags.BT_ECU_RECEIVE_BUFFER,0
7.680000000000003,My_Test_ECU_2,MonitorTags.BT_ECU_TRANSMIT_BUFFER,0
7.680000000000003,My_Test_ECU_3,MonitorTags.BT_ECU_RECEIVE_BUFFER,0
7.680000000000003,My_Test_ECU_3,MonitorTags.BT_ECU_TRANSMIT_BUFFER,0
7.680000000000003,My_Test_ECU_4,MonitorTags.BT_ECU_RECEIVE_BUFFER,0
7.680000000000003,My_Test_ECU_4,MonitorTags.BT_ECU_TRANSMIT_BUFFER,0
7.680000000000003,My_Test_ECU_5,MonitorTags.BT_ECU_RECEIVE_BUFFER,0
7.680000000000003,My_Test_ECU_5,MonitorTags.BT_ECU_TRANSMIT_BUFFER,0
7.680000000000003,My_Test_ECU_6,MonitorTags.BT_ECU_RECEIVE_BUFFER,0
7.680000000000003,My_Test_ECU_6,MonitorTags.BT_ECU_TRANSMIT_BUFFER,0
8.160000000000004,My_Test_ECU_1,MonitorTags.BT_ECU_RECEIVE_BUFFER,0
8.160000000000004,My_Test_ECU_1,MonitorTags.BT_ECU_TRANSMIT_BUFFER,0.0
8.160000000000004,My_Test_ECU_2,MonitorTags.BT_ECU_RECEIVE_BUFFER,0
8.160000000000004,My_Test_ECU_2,MonitorTags.BT_ECU_TRANSMIT_BUFFER,0
8.160000000000004,My_Test_ECU_3,MonitorTags.BT_ECU_RECEIVE_BUFFER,0
8.160000000000004,My_Test_ECU_3,MonitorTags.BT_ECU_TRANSMIT_BUFFER,0
8.160000000000004,My_Test_ECU_4,MonitorTags.BT_ECU_RECEIVE_BUFFER,0
8.160000000000004,My_Test_ECU_4,MonitorTags.BT_ECU_TRANSMIT_BUFFER,0
8.160000000000004,My_Test_ECU_5,MonitorTags.BT_ECU_RECEIVE_BUFFER,0
8.160000000000004,My_Test_ECU_5,MonitorTags.BT_ECU_TRANSMIT_BUFFER,0
8.160000000000004,My_Test_ECU_6,MonitorTags.BT_ECU_RECEIVE_BUFFER,0
8.160000000000004,My_Test_ECU_6,MonitorTags.BT_ECU_TRANSMIT_BUFFER,0
8.640000000000004,My_Test_ECU_1,MonitorTags.BT_ECU_RECEIVE_BUFFER,0
8.640000000000004,My_Test_ECU_1,MonitorTags.BT_ECU_TRANSMIT_BUFFER,0.0
8.640000000000004,My_Test_ECU_2,MonitorTags.BT_ECU_RECEIVE_BUFFER,0
8.640000000000004,My_Test_ECU_2,MonitorTags.BT_ECU_TRANSMIT_BUFFER,0
8.640000000000004,My_Test_ECU_3,MonitorTags.BT_ECU_RECEIVE_BUFFER,0
8.640000000000004,My_Test_ECU_3,MonitorTags.BT_ECU_TRANSMIT_BUFFER,0
8.640000000000004,My_Test_ECU_4,MonitorTags.BT_ECU_RECEIVE_BUFFER,0
8.640000000000004,My_Test_ECU_4,MonitorTags.BT_ECU_TRANSMIT_BUFFER,0
8.640000000000004,My_Test_ECU_5,MonitorTags.BT_ECU_RECEIVE_BUFFER,0
8.640000000000004,My_Test_ECU_5,MonitorTags.BT_ECU_TRANSMIT_BUFFER,0
8.640000000000004,My_Test_ECU_6,MonitorTags.BT_ECU_RECEIVE_BUFFER,0
8.640000000000004,My_Test_ECU_6,MonitorTags.BT_ECU_TRANSMIT_BUFFER,0
9.120000000000005,My_Test_ECU_1,MonitorTags.BT_ECU_RECEIVE_BUFFER,0
9.120000000000005,My_Test_ECU_1,MonitorTags.BT_ECU_TRANSMIT_BUFFER,0.0
9.120000000000005,My_Test_ECU_2,MonitorTags.BT_ECU_RECEIVE_BUFFER,0
9.120000000000005,My_Test_ECU_2,MonitorTags.BT_ECU_TRANSMIT_BUFFER,0
9.120000000000005,My_Test_ECU_3,MonitorTags.BT_ECU_RECEIVE_BUFFER,0
9.120000000000005,My_Test_ECU_3,MonitorTags.BT_ECU_TRANSMIT_BUFFER,0
9.120000000000005,My_Test_ECU_4,MonitorTags.BT_ECU_RECEIVE_BUFFER,0
9.120000000000005,My_Test_ECU_4,MonitorTags.BT_ECU_TRANSMIT_BUFFER,0
9.120000000000005,My_Test_ECU_5,MonitorTags.BT_ECU_RECEIVE_BUFFER,0
9.120000000000005,My_Test_ECU_5,MonitorTags.BT_ECU_TRANSMIT_BUFFER,0
9.120000000000005,My_Test_ECU_6,MonitorTags.BT_ECU_RECEIVE_BUFFER,0
9.120000000000005,My_Test_ECU_6,MonitorTags.BT_ECU_TRANSMIT_BUFFER,0
9.600000000000005,My_Test_ECU_1,MonitorTags.BT_ECU_RECEIVE_BUFFER,0
9.600000000000005,My_Test_ECU_1,MonitorTags.BT_ECU_TRANSMIT_BUFFER,0.0
9.600000000000005,My_Test_ECU_2,MonitorTags.BT_ECU_RECEIVE_BUFFER,0
9.600000000000005,My_Test_ECU_2,MonitorTags.BT_ECU_TRANSMIT_BUFFER,0
9.600000000000005,My_Test_ECU_3,MonitorTags.BT_ECU_RECEIVE_BUFFER,0
9.600000000000005,My_Test_ECU_3,MonitorTags.BT_ECU_TRANSMIT_BUFFER,0
9.600000000000005,My_Test_ECU_4,MonitorTags.BT_ECU_RECEIVE_BUFFER,0
9.600000000000005,My_Test_ECU_4,MonitorTags.BT_ECU_TRANSMIT_BUFFER,0
9.600000000000005,My_Test_ECU_5,MonitorTags.BT_ECU_RECEIVE_BUFFER,0
9.600000000000005,My_Test_ECU_5,MonitorTags.BT_ECU_TRANSMIT_BUFFER,0
9.600000000000005,My_Test_ECU_6,MonitorTags.BT_ECU_RECEIVE_BUFFER,0
9.600000000000005,My_Test_ECU_6,MonitorTags.BT_ECU_TRANSMIT_BUFFER,0
10.080000000000005,My_Test_ECU_1,MonitorTags.BT_ECU_RECEIVE_BUFFER,0
10.080000000000005,My_Test_ECU_1,MonitorTags.BT_ECU_TRANSMIT_BUFFER,0.0
10.080000000000005,My_Test_ECU_2,MonitorTags.BT_ECU_RECEIVE_BUFFER,0
10.080000000000005,My_Test_ECU_2,MonitorTags.BT_ECU_TRANSMIT_BUFFER,0
10.080000000000005,My_Test_ECU_3,MonitorTags.BT_ECU_RECEIVE_BUFFER,0
10.080000000000005,My_Test_ECU_3,MonitorTags.BT_ECU_TRANSMIT_BUFFER,0
10.080000000000005,My_Test_ECU_4,MonitorTags.BT_ECU_RECEIVE_BUFFER,0
10.080000000000005,My_Test_ECU_4,MonitorTags.BT_ECU_TRANSMIT_BUFFER,0
10.080000000000005,My_Test_ECU_5,MonitorTags.BT_ECU_RECEIVE_BUFFER,0
10.080000000000005,My_Test_ECU_5,MonitorTags.BT_ECU_TRANSMIT_BUFFER,0
10.080000000000005,My_Test_ECU_6,MonitorTags.BT_ECU_RECEIVE_BUFFER,0
10.080000000000005,My_Test_ECU_6,MonitorTags.BT_ECU_TRANSMIT_BUFFER,0
10.560000000000006,My_Test_ECU_1,MonitorTags.BT_ECU_RECEIVE_BUFFER,0
10.560000000000006,My_Test_ECU_1,MonitorTags.BT_ECU_TRANSMIT_BUFFER,0.0
10.560000000000006,My_Test_ECU_2,MonitorTags.BT_ECU_RECEIVE_BUFFER,0
10.560000000000006,My_Test_ECU_2,MonitorTags.BT_ECU_TRANSMIT_BUFFER,0
10.560000000000006,My_Test_ECU_3,MonitorTags.BT_ECU_RECEIVE_BUFFER,0
10.560000000000006,My_Test_ECU_3,MonitorTags.BT_ECU_TRANSMIT_BUFFER,0
10.560000000000006,My_Test_ECU_4,MonitorTags.BT_ECU_RECEIVE_BUFFER,0
10.560000000000006,My_Test_ECU_4,MonitorTags.BT_ECU_TRANSMIT_BUFFER,0
10.560000000000006,My_Test_ECU_5,MonitorTags.BT_ECU_RECEIVE_BUFFER,0
10.560000000000006,My_Test_ECU_5,MonitorTags.BT_ECU_TRANSMIT_BUFFER,0
10.560000000000006,My_Test_ECU_6,MonitorTags.BT_ECU_RECEIVE_BUFFER,0
10.560000000000006,My_Test_ECU_6,MonitorTags.BT_ECU_TRANSMIT_BUFFER,0
11.040000000000006,My_Test_ECU_1,MonitorTags.BT_ECU_RECEIVE_BUFFER,0
11.040000000000006,My_Test_ECU_1,MonitorTags.BT_ECU_TRANSMIT_BUFFER,0.0
11.040000000000006,My_Test_ECU_2,MonitorTags.BT_ECU_RECEIVE_BUFFER,0
11.040000000000006,My_Test_ECU_2,MonitorTags.BT_ECU_TRANSMIT_BUFFER,0
11.040000000000006,My_Test_ECU_3,MonitorTags.BT_ECU_RECEIVE_BUFFER,0
11.040000000000006,My_Test_ECU_3,MonitorTags.BT_ECU_TRANSMIT_BUFFER,0
11.040000000000006,My_Test_ECU_4,MonitorTags.BT_ECU_RECEIVE_BUFFER,0
11.040000000000006,My_Test_ECU_4,MonitorTags.BT_ECU_TRANSMIT_BUFFER,0
11.040000000000006,My_Test_ECU_5,MonitorTags.BT_ECU_RECEIVE_BUFFER,0
11.040000000000006,My_Test_ECU_5,MonitorTags.BT_ECU_TRANSMIT_BUFFER,0
11.040000000000006,My_Test_ECU_6,MonitorTags.BT_ECU_RECEIVE_BUFFER,0
11.040000000000006,My_Test_ECU_6,MonitorTags.BT_ECU_TRANSMIT_BUFFER,0
11.520000000000007,My_Test_ECU_1,MonitorTags.BT_ECU_RECEIVE_BUFFER,0
11.520000000000007,My_Test_ECU_1,MonitorTags.BT_ECU_TRANSMIT_BUFFER,0.0
11.520000000000007,My_Test_ECU_2,MonitorTags.BT_ECU_RECEIVE_BUFFER,0
11.520000000000007,My_Test_ECU_2,MonitorTags.BT_ECU_TRANSMIT_BUFFER,0
11.520000000000007,My_Test_ECU_3,MonitorTags.BT_ECU_RECEIVE_BUFFER,0
11.520000000000007,My_Test_ECU_3,MonitorTags.BT_ECU_TRANSMIT_BUFFER,0
11.520000000000007,My_Test_ECU_4,MonitorTags.BT_ECU_RECEIVE_BUFFER,0
11.520000000000007,My_Test_ECU_4,MonitorTags.BT_ECU_TRANSMIT_BUFFER,0
11.520000000000007,My_Test_ECU_5,MonitorTags.BT_ECU_RECEIVE_BUFFER,0
11.520000000000007,My_Test_ECU_5,MonitorTags.BT_ECU_TRANSMIT_BUFFER,0
11.520000000000007,My_Test_ECU_6,MonitorTags.BT_ECU_RECEIVE_BUFFER,0
11.520000000000007,My_Test_ECU_6,MonitorTags.BT_ECU_TRANSMIT_BUFFER,0
12.000000000000007,My_Test_ECU_1,MonitorTags.BT_ECU_RECEIVE_BUFFER,0
12.000000000000007,My_Test_ECU_1,MonitorTags.BT_ECU_TRANSMIT_BUFFER,0.0
12.000000000000007,My_Test_ECU_2,MonitorTags.BT_ECU_RECEIVE_BUFFER,0
12.000000000000007,My_Test_ECU_2,MonitorTags.BT_ECU_TRANSMIT_BUFFER,0
12.000000000000007,My_Test_ECU_3,MonitorTags.BT_ECU_RECEIVE_BUFFER,0
12.000000000000007,My_Test_ECU_3,MonitorTags.BT_ECU_TRANSMIT_BUFFER,0
12.000000000000007,My_Test_ECU_4,MonitorTags.BT_ECU_RECEIVE_BUFFER,0
12.000000000000007,My_Test_ECU_4,MonitorTags.BT_ECU_TRANSMIT_BUFFER,0
12.000000000000007,My_Test_ECU_5,MonitorTags.BT_ECU_RECEIVE_BUFFER,0
12.000000000000007,My_Test_ECU_5,MonitorTags.BT_ECU_TRANSMIT_BUFFER,0
12.000000000000007,My_Test_ECU_6,MonitorTags.BT_ECU_RECEIVE_BUFFER,0
12.000000000000007,My_Test_ECU_6,MonitorTags.BT_ECU_TRANSMIT_BUFFER,0
12.480000000000008,My_Test_ECU_1,MonitorTags.BT_ECU_RECEIVE_BUFFER,0
12.480000000000008,My_Test_ECU_1,MonitorTags.BT_ECU_TRANSMIT_BUFFER,0.0
12.480000000000008,My_Test_ECU_2,MonitorTags.BT_ECU_RECEIVE_BUFFER,0
12.480000000000008,My_Test_ECU_2,MonitorTags.BT_ECU_TRANSMIT_BUFFER,0
12.480000000000008,My_Test_ECU_3,MonitorTags.BT_ECU_RECEIVE_BUFFER,0
12.480000000000008,My_Test_ECU_3,MonitorTags.BT_ECU_TRANSMIT_BUFFER,0
12.480000000000008,My_Test_ECU_4,MonitorTags.BT_ECU_RECEIVE_BUFFER,0
12.480000000000008,My_Test_ECU_4,MonitorTags.BT_ECU_TRANSMIT_BUFFER,0
12.480000000000008,My_Test_ECU_5,MonitorTags.BT_ECU_RECEIVE_BUFFER,0
12.480000000000008,My_Test_ECU_5,MonitorTags.BT_ECU_TRANSMIT_BUFFER,0
12.480000000000008,My_Test_ECU_6,MonitorTags.BT_ECU_RECEIVE_BUFFER,0
12.480000000000008,My_Test_ECU_6,MonitorTags.BT_ECU_TRANSMIT_BUFFER,0
12.960000000000008,My_Test_ECU_1,MonitorTags.BT_ECU_RECEIVE_BUFFER,0
12.960000000000008,My_Test_ECU_1,MonitorTags.BT_ECU_TRANSMIT_BUFFER,0.0
12.960000000000008,My_Test_ECU_2,MonitorTags.BT_ECU_RECEIVE_BUFFER,0
12.960000000000008,My_Test_ECU_2,MonitorTags.BT_ECU_TRANSMIT_BUFFER,0
12.960000000000008,My_Test_ECU_3,MonitorTags.BT_ECU_RECEIVE_BUFFER,0
12.960000000000008,My_Test_ECU_3,MonitorTags.BT_ECU_TRANSMIT_BUFFER,0
12.960000000000008,My_Test_ECU_4,MonitorTags.BT_ECU_RECEIVE_BUFFER,0
12.960000000000008,My_Test_ECU_4,MonitorTags.BT_ECU_TRANSMIT_BUFFER,0
12.960000000000008,My_Test_ECU_5,MonitorTags.BT_ECU_RECEIVE_BUFFER,0
12.960000000000008,My_Test_ECU_5,MonitorTags.BT_ECU_TRANSMIT_BUFFER,0
12.960000000000008,My_Test_ECU_6,MonitorTags.BT_ECU_RECEIVE_BUFFER,0
12.960000000000008,My_Test_ECU_6,MonitorTags.BT_ECU_TRANSMIT_BUFFER,0
13.440000000000008,My_Test_ECU_1,MonitorTags.BT_ECU_RECEIVE_BUFFER,0
13.440000000000008,My_Test_ECU_1,MonitorTags.BT_ECU_TRANSMIT_BUFFER,0.0
13.440000000000008,My_Test_ECU_2,MonitorTags.BT_ECU_RECEIVE_BUFFER,0
13.440000000000008,My_Test_ECU_2,MonitorTags.BT_ECU_TRANSMIT_BUFFER,0
13.440000000000008,My_Test_ECU_3,MonitorTags.BT_ECU_RECEIVE_BUFFER,0
13.440000000000008,My_Test_ECU_3,MonitorTags.BT_ECU_TRANSMIT_BUFFER,0
13.440000000000008,My_Test_ECU_4,MonitorTags.BT_ECU_RECEIVE_BUFFER,0
13.440000000000008,My_Test_ECU_4,MonitorTags.BT_ECU_TRANSMIT_BUFFER,0
13.440000000000008,My_Test_ECU_5,MonitorTags.BT_ECU_RECEIVE_BUFFER,0
13.440000000000008,My_Test_ECU_5,MonitorTags.BT_ECU_TRANSMIT_BUFFER,0
13.440000000000008,My_Test_ECU_6,MonitorTags.BT_ECU_RECEIVE_BUFFER,0
13.440000000000008,My_Test_ECU_6,MonitorTags.BT_ECU_TRANSMIT_BUFFER,0
13.920000000000009,My_Test_ECU_1,MonitorTags.BT_ECU_RECEIVE_BUFFER,0
13.920000000000009,My_Test_ECU_1,MonitorTags.BT_ECU_TRANSMIT_BUFFER,0.0
13.920000000000009,My_Test_ECU_2,MonitorTags.BT_ECU_RECEIVE_BUFFER,0
13.920000000000009,My_Test_ECU_2,MonitorTags.BT_ECU_TRANSMIT_BUFFER,0
13.920000000000009,My_Test_ECU_3,MonitorTags.BT_ECU_RECEIVE_BUFFER,0
13.920000000000009,My_Test_ECU_3,MonitorTags.BT_ECU_TRANSMIT_BUFFER,0
13.920000000000009,My_Test_ECU_4,MonitorTags.BT_ECU_RECEIVE_BUFFER,0
13.920000000000009,My_Test_ECU_4,MonitorTags.BT_ECU_TRANSMIT_BUFFER,0
13.920000000000009,My_Test_ECU_5,MonitorTags.BT_ECU_RECEIVE_BUFFER,0
13.920000000000009,My_Test_ECU_5,MonitorTags.BT_ECU_TRANSMIT_BUFFER,0
13.920000000000009,My_Test_ECU_6,MonitorTags.BT_ECU_RECEIVE_BUFFER,0
13.920000000000009,My_Test_ECU_6,MonitorTags.BT_ECU_TRANSMIT_BUFFER,0
14.40000000000001,My_Test_ECU_1,MonitorTags.BT_ECU_RECEIVE_BUFFER,0
14.40000000000001,My_Test_ECU_1,MonitorTags.BT_ECU_TRANSMIT_BUFFER,0.0
14.40000000000001,My_Test_ECU_2,MonitorTags.BT_ECU_RECEIVE_BUFFER,0
14.40000000000001,My_Test_ECU_2,MonitorTags.BT_ECU_TRANSMIT_BUFFER,0
14.40000000000001,My_Test_ECU_3,MonitorTags.BT_ECU_RECEIVE_BUFFER,0
14.40000000000001,My_Test_ECU_3,MonitorTags.BT_ECU_TRANSMIT_BUFFER,0
14.40000000000001,My_Test_ECU_4,MonitorTags.BT_ECU_RECEIVE_BUFFER,0
14.40000000000001,My_Test_ECU_4,MonitorTags.BT_ECU_TRANSMIT_BUFFER,0
14.40000000000001,My_Test_ECU_5,MonitorTags.BT_ECU_RECEIVE_BUFFER,0
14.40000000000001,My_Test_ECU_5,MonitorTags.BT_ECU_TRANSMIT_BUFFER,0
14.40000000000001,My_Test_ECU_6,MonitorTags.BT_ECU_RECEIVE_BUFFER,0
14.40000000000001,My_Test_ECU_6,MonitorTags.BT_ECU_TRANSMIT_BUFFER,0
14.88000000000001,My_Test_ECU_1,MonitorTags.BT_ECU_RECEIVE_BUFFER,0
14.88000000000001,My_Test_ECU_1,MonitorTags.BT_ECU_TRANSMIT_BUFFER,0.0
14.88000000000001,My_Test_ECU_2,MonitorTags.BT_ECU_RECEIVE_BUFFER,0
14.88000000000001,My_Test_ECU_2,MonitorTags.BT_ECU_TRANSMIT_BUFFER,0
14.88000000000001,My_Test_ECU_3,MonitorTags.BT_ECU_RECEIVE_BUFFER,0
14.88000000000001,My_Test_ECU_3,MonitorTags.BT_ECU_TRANSMIT_BUFFER,0
14.88000000000001,My_Test_ECU_4,MonitorTags.BT_ECU_RECEIVE_BUFFER,0
14.88000000000001,My_Test_ECU_4,MonitorTags.BT_ECU_TRANSMIT_BUFFER,0
14.88000000000001,My_Test_ECU_5,MonitorTags.BT_ECU_RECEIVE_BUFFER,0
14.88000000000001,My_Test_ECU_5,MonitorTags.BT_ECU_TRANSMIT_BUFFER,0
14.88000000000001,My_Test_ECU_6,MonitorTags.BT_ECU_RECEIVE_BUFFER,0
14.88000000000001,My_Test_ECU_6,MonitorTags.BT_ECU_TRANSMIT_BUFFER,0
15.36000000000001,My_Test_ECU_1,MonitorTags.BT_ECU_RECEIVE_BUFFER,0
15.36000000000001,My_Test_ECU_1,MonitorTags.BT_ECU_TRANSMIT_BUFFER,0.0
15.36000000000001,My_Test_ECU_2,MonitorTags.BT_ECU_RECEIVE_BUFFER,0
15.36000000000001,My_Test_ECU_2,MonitorTags.BT_ECU_TRANSMIT_BUFFER,0
15.36000000000001,My_Test_ECU_3,MonitorTags.BT_ECU_RECEIVE_BUFFER,0
15.36000000000001,My_Test_ECU_3,MonitorTags.BT_ECU_TRANSMIT_BUFFER,0
15.36000000000001,My_Test_ECU_4,MonitorTags.BT_ECU_RECEIVE_BUFFER,0
15.36000000000001,My_Test_ECU_4,MonitorTags.BT_ECU_TRANSMIT_BUFFER,0
15.36000000000001,My_Test_ECU_5,MonitorTags.BT_ECU_RECEIVE_BUFFER,0
15.36000000000001,My_Test_ECU_5,MonitorTags.BT_ECU_TRANSMIT_BUFFER,0
15.36000000000001,My_Test_ECU_6,MonitorTags.BT_ECU_RECEIVE_BUFFER,0
15.36000000000001,My_Test_ECU_6,MonitorTags.BT_ECU_TRANSMIT_BUFFER,0
15.84000000000001,My_Test_ECU_1,MonitorTags.BT_ECU_RECEIVE_BUFFER,0
15.84000000000001,My_Test_ECU_1,MonitorTags.BT_ECU_TRANSMIT_BUFFER,0.0
15.84000000000001,My_Test_ECU_2,MonitorTags.BT_ECU_RECEIVE_BUFFER,0
15.84000000000001,My_Test_ECU_2,MonitorTags.BT_ECU_TRANSMIT_BUFFER,0
15.84000000000001,My_Test_ECU_3,MonitorTags.BT_ECU_RECEIVE_BUFFER,0
15.84000000000001,My_Test_ECU_3,MonitorTags.BT_ECU_TRANSMIT_BUFFER,0
15.84000000000001,My_Test_ECU_4,MonitorTags.BT_ECU_RECEIVE_BUFFER,0
15.84000000000001,My_Test_ECU_4,MonitorTags.BT_ECU_TRANSMIT_BUFFER,0
15.84000000000001,My_Test_ECU_5,MonitorTags.BT_ECU_RECEIVE_BUFFER,0
15.84000000000001,My_Test_ECU_5,MonitorTags.BT_ECU_TRANSMIT_BUFFER,0
15.84000000000001,My_Test_ECU_6,MonitorTags.BT_ECU_RECEIVE_BUFFER,0
15.84000000000001,My_Test_ECU_6,MonitorTags.BT_ECU_TRANSMIT_BUFFER,0
16.32000000000001,My_Test_ECU_1,MonitorTags.BT_ECU_RECEIVE_BUFFER,0
16.32000000000001,My_Test_ECU_1,MonitorTags.BT_ECU_TRANSMIT_BUFFER,0.0
16.32000000000001,My_Test_ECU_2,MonitorTags.BT_ECU_RECEIVE_BUFFER,0
16.32000000000001,My_Test_ECU_2,MonitorTags.BT_ECU_TRANSMIT_BUFFER,0
16.32000000000001,My_Test_ECU_3,MonitorTags.BT_ECU_RECEIVE_BUFFER,0
16.32000000000001,My_Test_ECU_3,MonitorTags.BT_ECU_TRANSMIT_BUFFER,0
16.32000000000001,My_Test_ECU_4,MonitorTags.BT_ECU_RECEIVE_BUFFER,0
16.32000000000001,My_Test_ECU_4,MonitorTags.BT_ECU_TRANSMIT_BUFFER,0
16.32000000000001,My_Test_ECU_5,MonitorTags.BT_ECU_RECEIVE_BUFFER,0
16.32000000000001,My_Test_ECU_5,MonitorTags.BT_ECU_TRANSMIT_BUFFER,0
16.32000000000001,My_Test_ECU_6,MonitorTags.BT_ECU_RECEIVE_BUFFER,0
16.32000000000001,My_Test_ECU_6,MonitorTags.BT_ECU_TRANSMIT_BUFFER,0
16.80000000000001,My_Test_ECU_1,MonitorTags.BT_ECU_RECEIVE_BUFFER,0
16.80000000000001,My_Test_ECU_1,MonitorTags.BT_ECU_TRANSMIT_BUFFER,0.0
16.80000000000001,My_Test_ECU_2,MonitorTags.BT_ECU_RECEIVE_BUFFER,0
16.80000000000001,My_Test_ECU_2,MonitorTags.BT_ECU_TRANSMIT_BUFFER,0
16.80000000000001,My_Test_ECU_3,MonitorTags.BT_ECU_RECEIVE_BUFFER,0
16.80000000000001,My_Test_ECU_3,MonitorTags.BT_ECU_TRANSMIT_BUFFER,0
16.80000000000001,My_Test_ECU_4,MonitorTags.BT_ECU_RECEIVE_BUFFER,0
16.80000000000001,My_Test_ECU_4,MonitorTags.BT_ECU_TRANSMIT_BUFFER,0
16.80000000000001,My_Test_ECU_5,MonitorTags.BT_ECU_RECEIVE_BUFFER,0
16.80000000000001,My_Test_ECU_5,MonitorTags.BT_ECU_TRANSMIT_BUFFER,0
16.80000000000001,My_Test_ECU_6,MonitorTags.BT_ECU_RECEIVE_BUFFER,0
16.80000000000001,My_Test_ECU_6,MonitorTags.BT_ECU_TRANSMIT_BUFFER,0
17.280000000000012,My_Test_ECU_1,MonitorTags.BT_ECU_RECEIVE_BUFFER,0
17.280000000000012,My_Test_ECU_1,MonitorTags.BT_ECU_TRANSMIT_BUFFER,0.0
17.280000000000012,My_Test_ECU_2,MonitorTags.BT_ECU_RECEIVE_BUFFER,0
17.280000000000012,My_Test_ECU_2,MonitorTags.BT_ECU_TRANSMIT_BUFFER,0
17.280000000000012,My_Test_ECU_3,MonitorTags.BT_ECU_RECEIVE_BUFFER,0
17.280000000000012,My_Test_ECU_3,MonitorTags.BT_ECU_TRANSMIT_BUFFER,0
17.280000000000012,My_Test_ECU_4,MonitorTags.BT_ECU_RECEIVE_BUFFER,0
17.280000000000012,My_Test_ECU_4,MonitorTags.BT_ECU_TRANSMIT_BUFFER,0
17.280000000000012,My_Test_ECU_5,MonitorTags.BT_ECU_RECEIVE_BUFFER,0
17.280000000000012,My_Test_ECU_5,MonitorTags.BT_ECU_TRANSMIT_BUFFER,0
17.280000000000012,My_Test_ECU_6,MonitorTags.BT_ECU_RECEIVE_BUFFER,0
17.280000000000012,My_Test_ECU_6,MonitorTags.BT_ECU_TRANSMIT_BUFFER,0
17.760000000000012,My_Test_ECU_1,MonitorTags.BT_ECU_RECEIVE_BUFFER,0
17.760000000000012,My_Test_ECU_1,MonitorTags.BT_ECU_TRANSMIT_BUFFER,0.0
17.760000000000012,My_Test_ECU_2,MonitorTags.BT_ECU_RECEIVE_BUFFER,0
17.760000000000012,My_Test_ECU_2,MonitorTags.BT_ECU_TRANSMIT_BUFFER,0
17.760000000000012,My_Test_ECU_3,MonitorTags.BT_ECU_RECEIVE_BUFFER,0
17.760000000000012,My_Test_ECU_3,MonitorTags.BT_ECU_TRANSMIT_BUFFER,0
17.760000000000012,My_Test_ECU_4,MonitorTags.BT_ECU_RECEIVE_BUFFER,0
17.760000000000012,My_Test_ECU_4,MonitorTags.BT_ECU_TRANSMIT_BUFFER,0
17.760000000000012,My_Test_ECU_5,MonitorTags.BT_ECU_RECEIVE_BUFFER,0
17.760000000000012,My_Test_ECU_5,MonitorTags.BT_ECU_TRANSMIT_BUFFER,0
17.760000000000012,My_Test_ECU_6,MonitorTags.BT_ECU_RECEIVE_BUFFER,0
17.760000000000012,My_Test_ECU_6,MonitorTags.BT_ECU_TRANSMIT_BUFFER,0
18.240000000000013,My_Test_ECU_1,MonitorTags.BT_ECU_RECEIVE_BUFFER,0
18.240000000000013,My_Test_ECU_1,MonitorTags.BT_ECU_TRANSMIT_BUFFER,0.0
18.240000000000013,My_Test_ECU_2,MonitorTags.BT_ECU_RECEIVE_BUFFER,0
18.240000000000013,My_Test_ECU_2,MonitorTags.BT_ECU_TRANSMIT_BUFFER,0
18.240000000000013,My_Test_ECU_3,MonitorTags.BT_ECU_RECEIVE_BUFFER,0
18.240000000000013,My_Test_ECU_3,MonitorTags.BT_ECU_TRANSMIT_BUFFER,0
18.240000000000013,My_Test_ECU_4,MonitorTags.BT_ECU_RECEIVE_BUFFER,0
18.240000000000013,My_Test_ECU_4,MonitorTags.BT_ECU_TRANSMIT_BUFFER,0
18.240000000000013,My_Test_ECU_5,MonitorTags.BT_ECU_RECEIVE_BUFFER,0
18.240000000000013,My_Test_ECU_5,MonitorTags.BT_ECU_TRANSMIT_BUFFER,0
18.240000000000013,My_Test_ECU_6,MonitorTags.BT_ECU_RECEIVE_BUFFER,0
18.240000000000013,My_Test_ECU_6,MonitorTags.BT_ECU_TRANSMIT_BUFFER,0
18.720000000000013,My_Test_ECU_1,MonitorTags.BT_ECU_RECEIVE_BUFFER,0
18.720000000000013,My_Test_ECU_1,MonitorTags.BT_ECU_TRANSMIT_BUFFER,0.0
18.720000000000013,My_Test_ECU_2,MonitorTags.BT_ECU_RECEIVE_BUFFER,0
18.720000000000013,My_Test_ECU_2,MonitorTags.BT_ECU_TRANSMIT_BUFFER,0
18.720000000000013,My_Test_ECU_3,MonitorTags.BT_ECU_RECEIVE_BUFFER,0
18.720000000000013,My_Test_ECU_3,MonitorTags.BT_ECU_TRANSMIT_BUFFER,0
18.720000000000013,My_Test_ECU_4,MonitorTags.BT_ECU_RECEIVE_BUFFER,0
18.720000000000013,My_Test_ECU_4,MonitorTags.BT_ECU_TRANSMIT_BUFFER,0
18.720000000000013,My_Test_ECU_5,MonitorTags.BT_ECU_RECEIVE_BUFFER,0
18.720000000000013,My_Test_ECU_5,MonitorTags.BT_ECU_TRANSMIT_BUFFER,0
18.720000000000013,My_Test_ECU_6,MonitorTags.BT_ECU_RECEIVE_BUFFER,0
18.720000000000013,My_Test_ECU_6,MonitorTags.BT_ECU_TRANSMIT_BUFFER,0
19.200000000000014,My_Test_ECU_1,MonitorTags.BT_ECU_RECEIVE_BUFFER,0
19.200000000000014,My_Test_ECU_1,MonitorTags.BT_ECU_TRANSMIT_BUFFER,0.0
19.200000000000014,My_Test_ECU_2,MonitorTags.BT_ECU_RECEIVE_BUFFER,0
19.200000000000014,My_Test_ECU_2,MonitorTags.BT_ECU_TRANSMIT_BUFFER,0
19.200000000000014,My_Test_ECU_3,MonitorTags.BT_ECU_RECEIVE_BUFFER,0
19.200000000000014,My_Test_ECU_3,MonitorTags.BT_ECU_TRANSMIT_BUFFER,0
19.200000000000014,My_Test_ECU_4,MonitorTags.BT_ECU_RECEIVE_BUFFER,0
19.200000000000014,My_Test_ECU_4,MonitorTags.BT_ECU_TRANSMIT_BUFFER,0
19.200000000000014,My_Test_ECU_5,MonitorTags.BT_ECU_RECEIVE_BUFFER,0
19.200000000000014,My_Test_ECU_5,MonitorTags.BT_ECU_TRANSMIT_BUFFER,0
19.200000000000014,My_Test_ECU_6,MonitorTags.BT_ECU_RECEIVE_BUFFER,0
19.200000000000014,My_Test_ECU_6,MonitorTags.BT_ECU_TRANSMIT_BUFFER,0
19.680000000000014,My_Test_ECU_1,MonitorTags.BT_ECU_RECEIVE_BUFFER,0
19.680000000000014,My_Test_ECU_1,MonitorTags.BT_ECU_TRANSMIT_BUFFER,0.0
19.680000000000014,My_Test_ECU_2,MonitorTags.BT_ECU_RECEIVE_BUFFER,0
19.680000000000014,My_Test_ECU_2,MonitorTags.BT_ECU_TRANSMIT_BUFFER,0
19.680000000000014,My_Test_ECU_3,MonitorTags.BT_ECU_RECEIVE_BUFFER,0
19.680000000000014,My_Test_ECU_3,MonitorTags.BT_ECU_TRANSMIT_BUFFER,0
19.680000000000014,My_Test_ECU_4,MonitorTags.BT_ECU_RECEIVE_BUFFER,0
19.680000000000014,My_Test_ECU_4,MonitorTags.BT_ECU_TRANSMIT_BUFFER,0
19.680000000000014,My_Test_ECU_5,MonitorTags.BT_ECU_RECEIVE_BUFFER,0
19.680000000000014,My_Test_ECU_5,MonitorTags.BT_ECU_TRANSMIT_BUFFER,0
19.680000000000014,My_Test_ECU_6,MonitorTags.BT_ECU_RECEIVE_BUFFER,0
19.680000000000014,My_Test_ECU_6,MonitorTags.BT_ECU_TRANSMIT_BUFFER,0
20.160000000000014,My_Test_ECU_1,MonitorTags.BT_ECU_RECEIVE_BUFFER,0
20.160000000000014,My_Test_ECU_1,MonitorTags.BT_ECU_TRANSMIT_BUFFER,0.0
20.160000000000014,My_Test_ECU_2,MonitorTags.BT_ECU_RECEIVE_BUFFER,0
20.160000000000014,My_Test_ECU_2,MonitorTags.BT_ECU_TRANSMIT_BUFFER,0
20.160000000000014,My_Test_ECU_3,MonitorTags.BT_ECU_RECEIVE_BUFFER,0
20.160000000000014,My_Test_ECU_3,MonitorTags.BT_ECU_TRANSMIT_BUFFER,0
20.160000000000014,My_Test_ECU_4,MonitorTags.BT_ECU_RECEIVE_BUFFER,0
20.160000000000014,My_Test_ECU_4,MonitorTags.BT_ECU_TRANSMIT_BUFFER,0
20.160000000000014,My_Test_ECU_5,MonitorTags.BT_ECU_RECEIVE_BUFFER,0
20.160000000000014,My_Test_ECU_5,MonitorTags.BT_ECU_TRANSMIT_BUFFER,0
20.160000000000014,My_Test_ECU_6,MonitorTags.BT_ECU_RECEIVE_BUFFER,0
20.160000000000014,My_Test_ECU_6,MonitorTags.BT_ECU_TRANSMIT_BUFFER,0
20.640000000000015,My_Test_ECU_1,MonitorTags.BT_ECU_RECEIVE_BUFFER,0
20.640000000000015,My_Test_ECU_1,MonitorTags.BT_ECU_TRANSMIT_BUFFER,0.0
20.640000000000015,My_Test_ECU_2,MonitorTags.BT_ECU_RECEIVE_BUFFER,0
20.640000000000015,My_Test_ECU_2,MonitorTags.BT_ECU_TRANSMIT_BUFFER,0
20.640000000000015,My_Test_ECU_3,MonitorTags.BT_ECU_RECEIVE_BUFFER,0
20.640000000000015,My_Test_ECU_3,MonitorTags.BT_ECU_TRANSMIT_BUFFER,0
20.640000000000015,My_Test_ECU_4,MonitorTags.BT_ECU_RECEIVE_BUFFER,0
20.640000000000015,My_Test_ECU_4,MonitorTags.BT_ECU_TRANSMIT_BUFFER,0
20.640000000000015,My_Test_ECU_5,MonitorTags.BT_ECU_RECEIVE_BUFFER,0
20.640000000000015,My_Test_ECU_5,MonitorTags.BT_ECU_TRANSMIT_BUFFER,0
20.640000000000015,My_Test_ECU_6,MonitorTags.BT_ECU_RECEIVE_BUFFER,0
20.640000000000015,My_Test_ECU_6,MonitorTags.BT_ECU_TRANSMIT_BUFFER,0
21.120000000000015,My_Test_ECU_1,MonitorTags.BT_ECU_RECEIVE_BUFFER,0
21.120000000000015,My_Test_ECU_1,MonitorTags.BT_ECU_TRANSMIT_BUFFER,0.0
21.120000000000015,My_Test_ECU_2,MonitorTags.BT_ECU_RECEIVE_BUFFER,0
21.120000000000015,My_Test_ECU_2,MonitorTags.BT_ECU_TRANSMIT_BUFFER,0
21.120000000000015,My_Test_ECU_3,MonitorTags.BT_ECU_RECEIVE_BUFFER,0
21.120000000000015,My_Test_ECU_3,MonitorTags.BT_ECU_TRANSMIT_BUFFER,0
21.120000000000015,My_Test_ECU_4,MonitorTags.BT_ECU_RECEIVE_BUFFER,0
21.120000000000015,My_Test_ECU_4,MonitorTags.BT_ECU_TRANSMIT_BUFFER,0
21.120000000000015,My_Test_ECU_5,MonitorTags.BT_ECU_RECEIVE_BUFFER,0
21.120000000000015,My_Test_ECU_5,MonitorTags.BT_ECU_TRANSMIT_BUFFER,0
21.120000000000015,My_Test_ECU_6,MonitorTags.BT_ECU_RECEIVE_BUFFER,0
21.120000000000015,My_Test_ECU_6,MonitorTags.BT_ECU_TRANSMIT_BUFFER,0
21.600000000000016,My_Test_ECU_1,MonitorTags.BT_ECU_RECEIVE_BUFFER,0
21.600000000000016,My_Test_ECU_1,MonitorTags.BT_ECU_TRANSMIT_BUFFER,0.0
21.600000000000016,My_Test_ECU_2,MonitorTags.BT_ECU_RECEIVE_BUFFER,0
21.600000000000016,My_Test_ECU_2,MonitorTags.BT_ECU_TRANSMIT_BUFFER,0
21.600000000000016,My_Test_ECU_3,MonitorTags.BT_ECU_RECEIVE_BUFFER,0
21.600000000000016,My_Test_ECU_3,MonitorTags.BT_ECU_TRANSMIT_BUFFER,0
21.600000000000016,My_Test_ECU_4,MonitorTags.BT_ECU_RECEIVE_BUFFER,0
21.600000000000016,My_Test_ECU_4,MonitorTags.BT_ECU_TRANSMIT_BUFFER,0
21.600000000000016,My_Test_ECU_5,MonitorTags.BT_ECU_RECEIVE_BUFFER,0
21.600000000000016,My_Test_ECU_5,MonitorTags.BT_ECU_TRANSMIT_BUFFER,0
21.600000000000016,My_Test_ECU_6,MonitorTags.BT_ECU_RECEIVE_BUFFER,0
21.600000000000016,My_Test_ECU_6,MonitorTags.BT_ECU_TRANSMIT_BUFFER,0
22.080000000000016,My_Test_ECU_1,MonitorTags.BT_ECU_RECEIVE_BUFFER,0
22.080000000000016,My_Test_ECU_1,MonitorTags.BT_ECU_TRANSMIT_BUFFER,0.0
22.080000000000016,My_Test_ECU_2,MonitorTags.BT_ECU_RECEIVE_BUFFER,0
22.080000000000016,My_Test_ECU_2,MonitorTags.BT_ECU_TRANSMIT_BUFFER,0
22.080000000000016,My_Test_ECU_3,MonitorTags.BT_ECU_RECEIVE_BUFFER,0
22.080000000000016,My_Test_ECU_3,MonitorTags.BT_ECU_TRANSMIT_BUFFER,0
22.080000000000016,My_Test_ECU_4,MonitorTags.BT_ECU_RECEIVE_BUFFER,0
22.080000000000016,My_Test_ECU_4,MonitorTags.BT_ECU_TRANSMIT_BUFFER,0
22.080000000000016,My_Test_ECU_5,MonitorTags.BT_ECU_RECEIVE_BUFFER,0
22.080000000000016,My_Test_ECU_5,MonitorTags.BT_ECU_TRANSMIT_BUFFER,0
22.080000000000016,My_Test_ECU_6,MonitorTags.BT_ECU_RECEIVE_BUFFER,0
22.080000000000016,My_Test_ECU_6,MonitorTags.BT_ECU_TRANSMIT_BUFFER,0
22.560000000000016,My_Test_ECU_1,MonitorTags.BT_ECU_RECEIVE_BUFFER,0
22.560000000000016,My_Test_ECU_1,MonitorTags.BT_ECU_TRANSMIT_BUFFER,0.0
22.560000000000016,My_Test_ECU_2,MonitorTags.BT_ECU_RECEIVE_BUFFER,0
22.560000000000016,My_Test_ECU_2,MonitorTags.BT_ECU_TRANSMIT_BUFFER,0
22.560000000000016,My_Test_ECU_3,MonitorTags.BT_ECU_RECEIVE_BUFFER,0
22.560000000000016,My_Test_ECU_3,MonitorTags.BT_ECU_TRANSMIT_BUFFER,0
22.560000000000016,My_Test_ECU_4,MonitorTags.BT_ECU_RECEIVE_BUFFER,0
22.560000000000016,My_Test_ECU_4,MonitorTags.BT_ECU_TRANSMIT_BUFFER,0
22.560000000000016,My_Test_ECU_5,MonitorTags.BT_ECU_RECEIVE_BUFFER,0
22.560000000000016,My_Test_ECU_5,MonitorTags.BT_ECU_TRANSMIT_BUFFER,0
22.560000000000016,My_Test_ECU_6,MonitorTags.BT_ECU_RECEIVE_BUFFER,0
22.560000000000016,My_Test_ECU_6,MonitorTags.BT_ECU_TRANSMIT_BUFFER,0
23.040000000000017,My_Test_ECU_1,MonitorTags.BT_ECU_RECEIVE_BUFFER,0
23.040000000000017,My_Test_ECU_1,MonitorTags.BT_ECU_TRANSMIT_BUFFER,0.0
23.040000000000017,My_Test_ECU_2,MonitorTags.BT_ECU_RECEIVE_BUFFER,0
23.040000000000017,My_Test_ECU_2,MonitorTags.BT_ECU_TRANSMIT_BUFFER,0
23.040000000000017,My_Test_ECU_3,MonitorTags.BT_ECU_RECEIVE_BUFFER,0
23.040000000000017,My_Test_ECU_3,MonitorTags.BT_ECU_TRANSMIT_BUFFER,0
23.040000000000017,My_Test_ECU_4,MonitorTags.BT_ECU_RECEIVE_BUFFER,0
23.040000000000017,My_Test_ECU_4,MonitorTags.BT_ECU_TRANSMIT_BUFFER,0
23.040000000000017,My_Test_ECU_5,MonitorTags.BT_ECU_RECEIVE_BUFFER,0
23.040000000000017,My_Test_ECU_5,MonitorTags.BT_ECU_TRANSMIT_BUFFER,0
23.040000000000017,My_Test_ECU_6,MonitorTags.BT_ECU_RECEIVE_BUFFER,0
23.040000000000017,My_Test_ECU_6,MonitorTags.BT_ECU_TRANSMIT_BUFFER,0
23.520000000000017,My_Test_ECU_1,MonitorTags.BT_ECU_RECEIVE_BUFFER,0
23.520000000000017,My_Test_ECU_1,MonitorTags.BT_ECU_TRANSMIT_BUFFER,0.0
23.520000000000017,My_Test_ECU_2,MonitorTags.BT_ECU_RECEIVE_BUFFER,0
23.520000000000017,My_Test_ECU_2,MonitorTags.BT_ECU_TRANSMIT_BUFFER,0
23.520000000000017,My_Test_ECU_3,MonitorTags.BT_ECU_RECEIVE_BUFFER,0
23.520000000000017,My_Test_ECU_3,MonitorTags.BT_ECU_TRANSMIT_BUFFER,0
23.520000000000017,My_Test_ECU_4,MonitorTags.BT_ECU_RECEIVE_BUFFER,0
23.520000000000017,My_Test_ECU_4,MonitorTags.BT_ECU_TRANSMIT_BUFFER,0
23.520000000000017,My_Test_ECU_5,MonitorTags.BT_ECU_RECEIVE_BUFFER,0
23.520000000000017,My_Test_ECU_5,MonitorTags.BT_ECU_TRANSMIT_BUFFER,0
23.520000000000017,My_Test_ECU_6,MonitorTags.BT_ECU_RECEIVE_BUFFER,0
23.520000000000017,My_Test_ECU_6,MonitorTags.BT_ECU_TRANSMIT_BUFFER,0
24.000000000000018,My_Test_ECU_1,MonitorTags.BT_ECU_RECEIVE_BUFFER,0
24.000000000000018,My_Test_ECU_1,MonitorTags.BT_ECU_TRANSMIT_BUFFER,0.0
24.000000000000018,My_Test_ECU_2,MonitorTags.BT_ECU_RECEIVE_BUFFER,0
24.000000000000018,My_Test_ECU_2,MonitorTags.BT_ECU_TRANSMIT_BUFFER,0
24.000000000000018,My_Test_ECU_3,MonitorTags.BT_ECU_RECEIVE_BUFFER,0
24.000000000000018,My_Test_ECU_3,MonitorTags.BT_ECU_TRANSMIT_BUFFER,0
24.000000000000018,My_Test_ECU_4,MonitorTags.BT_ECU_RECEIVE_BUFFER,0
24.000000000000018,My_Test_ECU_4,MonitorTags.BT_ECU_TRANSMIT_BUFFER,0
24.000000000000018,My_Test_ECU_5,MonitorTags.BT_ECU_RECEIVE_BUFFER,0
24.000000000000018,My_Test_ECU_5,MonitorTags.BT_ECU_TRANSMIT_BUFFER,0
24.000000000000018,My_Test_ECU_6,MonitorTags.BT_ECU_RECEIVE_BUFFER,0
24.000000000000018,My_Test_ECU_6,MonitorTags.BT_ECU_TRANSMIT_BUFFER,0
24.480000000000018,My_Test_ECU_1,MonitorTags.BT_ECU_RECEIVE_BUFFER,0
24.480000000000018,My_Test_ECU_1,MonitorTags.BT_ECU_TRANSMIT_BUFFER,0.0
24.480000000000018,My_Test_ECU_2,MonitorTags.BT_ECU_RECEIVE_BUFFER,0
24.480000000000018,My_Test_ECU_2,MonitorTags.BT_ECU_TRANSMIT_BUFFER,0
24.480000000000018,My_Test_ECU_3,MonitorTags.BT_ECU_RECEIVE_BUFFER,0
24.480000000000018,My_Test_ECU_3,MonitorTags.BT_ECU_TRANSMIT_BUFFER,0
24.480000000000018,My_Test_ECU_4,MonitorTags.BT_ECU_RECEIVE_BUFFER,0
24.480000000000018,My_Test_ECU_4,MonitorTags.BT_ECU_TRANSMIT_BUFFER,0
24.480000000000018,My_Test_ECU_5,MonitorTags.BT_ECU_RECEIVE_BUFFER,0
24.480000000000018,My_Test_ECU_5,MonitorTags.BT_ECU_TRANSMIT_BUFFER,0
24.480000000000018,My_Test_ECU_6,MonitorTags.BT_ECU_RECEIVE_BUFFER,0
24.480000000000018,My_Test_ECU_6,MonitorTags.BT_ECU_TRANSMIT_BUFFER,0
24.96000000000002,My_Test_ECU_1,MonitorTags.BT_ECU_RECEIVE_BUFFER,0
24.96000000000002,My_Test_ECU_1,MonitorTags.BT_ECU_TRANSMIT_BUFFER,0.0
24.96000000000002,My_Test_ECU_2,MonitorTags.BT_ECU_RECEIVE_BUFFER,0
24.96000000000002,My_Test_ECU_2,MonitorTags.BT_ECU_TRANSMIT_BUFFER,0
24.96000000000002,My_Test_ECU_3,MonitorTags.BT_ECU_RECEIVE_BUFFER,0
24.96000000000002,My_Test_ECU_3,MonitorTags.BT_ECU_TRANSMIT_BUFFER,0
24.96000000000002,My_Test_ECU_4,MonitorTags.BT_ECU_RECEIVE_BUFFER,0
24.96000000000002,My_Test_ECU_4,MonitorTags.BT_ECU_TRANSMIT_BUFFER,0
24.96000000000002,My_Test_ECU_5,MonitorTags.BT_ECU_RECEIVE_BUFFER,0
24.96000000000002,My_Test_ECU_5,MonitorTags.BT_ECU_TRANSMIT_BUFFER,0
24.96000000000002,My_Test_ECU_6,MonitorTags.BT_ECU_RECEIVE_BUFFER,0
24.96000000000002,My_Test_ECU_6,MonitorTags.BT_ECU_TRANSMIT_BUFFER,0
25.44000000000002,My_Test_ECU_1,MonitorTags.BT_ECU_RECEIVE_BUFFER,0
25.44000000000002,My_Test_ECU_1,MonitorTags.BT_ECU_TRANSMIT_BUFFER,0.0
25.44000000000002,My_Test_ECU_2,MonitorTags.BT_ECU_RECEIVE_BUFFER,0
25.44000000000002,My_Test_ECU_2,MonitorTags.BT_ECU_TRANSMIT_BUFFER,0
25.44000000000002,My_Test_ECU_3,MonitorTags.BT_ECU_RECEIVE_BUFFER,0
25.44000000000002,My_Test_ECU_3,MonitorTags.BT_ECU_TRANSMIT_BUFFER,0
25.44000000000002,My_Test_ECU_4,MonitorTags.BT_ECU_RECEIVE_BUFFER,0
25.44000000000002,My_Test_ECU_4,MonitorTags.BT_ECU_TRANSMIT_BUFFER,0
25.44000000000002,My_Test_ECU_5,MonitorTags.BT_ECU_RECEIVE_BUFFER,0
25.44000000000002,My_Test_ECU_5,MonitorTags.BT_ECU_TRANSMIT_BUFFER,0
25.44000000000002,My_Test_ECU_6,MonitorTags.BT_ECU_RECEIVE_BUFFER,0
25.44000000000002,My_Test_ECU_6,MonitorTags.BT_ECU_TRANSMIT_BUFFER,0
25.92000000000002,My_Test_ECU_1,MonitorTags.BT_ECU_RECEIVE_BUFFER,0
25.92000000000002,My_Test_ECU_1,MonitorTags.BT_ECU_TRANSMIT_BUFFER,0.0
25.92000000000002,My_Test_ECU_2,MonitorTags.BT_ECU_RECEIVE_BUFFER,0
25.92000000000002,My_Test_ECU_2,MonitorTags.BT_ECU_TRANSMIT_BUFFER,0
25.92000000000002,My_Test_ECU_3,MonitorTags.BT_ECU_RECEIVE_BUFFER,0
25.92000000000002,My_Test_ECU_3,MonitorTags.BT_ECU_TRANSMIT_BUFFER,0
25.92000000000002,My_Test_ECU_4,MonitorTags.BT_ECU_RECEIVE_BUFFER,0
25.92000000000002,My_Test_ECU_4,MonitorTags.BT_ECU_TRANSMIT_BUFFER,0
25.92000000000002,My_Test_ECU_5,MonitorTags.BT_ECU_RECEIVE_BUFFER,0
25.92000000000002,My_Test_ECU_5,MonitorTags.BT_ECU_TRANSMIT_BUFFER,0
25.92000000000002,My_Test_ECU_6,MonitorTags.BT_ECU_RECEIVE_BUFFER,0
25.92000000000002,My_Test_ECU_6,MonitorTags.BT_ECU_TRANSMIT_BUFFER,0
26.40000000000002,My_Test_ECU_1,MonitorTags.BT_ECU_RECEIVE_BUFFER,0
26.40000000000002,My_Test_ECU_1,MonitorTags.BT_ECU_TRANSMIT_BUFFER,0.0
26.40000000000002,My_Test_ECU_2,MonitorTags.BT_ECU_RECEIVE_BUFFER,0
26.40000000000002,My_Test_ECU_2,MonitorTags.BT_ECU_TRANSMIT_BUFFER,0
26.40000000000002,My_Test_ECU_3,MonitorTags.BT_ECU_RECEIVE_BUFFER,0
26.40000000000002,My_Test_ECU_3,MonitorTags.BT_ECU_TRANSMIT_BUFFER,0
26.40000000000002,My_Test_ECU_4,MonitorTags.BT_ECU_RECEIVE_BUFFER,0
26.40000000000002,My_Test_ECU_4,MonitorTags.BT_ECU_TRANSMIT_BUFFER,0
26.40000000000002,My_Test_ECU_5,MonitorTags.BT_ECU_RECEIVE_BUFFER,0
26.40000000000002,My_Test_ECU_5,MonitorTags.BT_ECU_TRANSMIT_BUFFER,0
26.40000000000002,My_Test_ECU_6,MonitorTags.BT_ECU_RECEIVE_BUFFER,0
26.40000000000002,My_Test_ECU_6,MonitorTags.BT_ECU_TRANSMIT_BUFFER,0
26.88000000000002,My_Test_ECU_1,MonitorTags.BT_ECU_RECEIVE_BUFFER,0
26.88000000000002,My_Test_ECU_1,MonitorTags.BT_ECU_TRANSMIT_BUFFER,0.0
26.88000000000002,My_Test_ECU_2,MonitorTags.BT_ECU_RECEIVE_BUFFER,0
26.88000000000002,My_Test_ECU_2,MonitorTags.BT_ECU_TRANSMIT_BUFFER,0
26.88000000000002,My_Test_ECU_3,MonitorTags.BT_ECU_RECEIVE_BUFFER,0
26.88000000000002,My_Test_ECU_3,MonitorTags.BT_ECU_TRANSMIT_BUFFER,0
26.88000000000002,My_Test_ECU_4,MonitorTags.BT_ECU_RECEIVE_BUFFER,0
26.88000000000002,My_Test_ECU_4,MonitorTags.BT_ECU_TRANSMIT_BUFFER,0
26.88000000000002,My_Test_ECU_5,MonitorTags.BT_ECU_RECEIVE_BUFFER,0
26.88000000000002,My_Test_ECU_5,MonitorTags.BT_ECU_TRANSMIT_BUFFER,0
26.88000000000002,My_Test_ECU_6,MonitorTags.BT_ECU_RECEIVE_BUFFER,0
26.88000000000002,My_Test_ECU_6,MonitorTags.BT_ECU_TRANSMIT_BUFFER,0
27.36000000000002,My_Test_ECU_1,MonitorTags.BT_ECU_RECEIVE_BUFFER,0
27.36000000000002,My_Test_ECU_1,MonitorTags.BT_ECU_TRANSMIT_BUFFER,0.0
27.36000000000002,My_Test_ECU_2,MonitorTags.BT_ECU_RECEIVE_BUFFER,0
27.36000000000002,My_Test_ECU_2,MonitorTags.BT_ECU_TRANSMIT_BUFFER,0
27.36000000000002,My_Test_ECU_3,MonitorTags.BT_ECU_RECEIVE_BUFFER,0
27.36000000000002,My_Test_ECU_3,MonitorTags.BT_ECU_TRANSMIT_BUFFER,0
27.36000000000002,My_Test_ECU_4,MonitorTags.BT_ECU_RECEIVE_BUFFER,0
27.36000000000002,My_Test_ECU_4,MonitorTags.BT_ECU_TRANSMIT_BUFFER,0
27.36000000000002,My_Test_ECU_5,MonitorTags.BT_ECU_RECEIVE_BUFFER,0
27.36000000000002,My_Test_ECU_5,MonitorTags.BT_ECU_TRANSMIT_BUFFER,0
27.36000000000002,My_Test_ECU_6,MonitorTags.BT_ECU_RECEIVE_BUFFER,0
27.36000000000002,My_Test_ECU_6,MonitorTags.BT_ECU_TRANSMIT_BUFFER,0
27.84000000000002,My_Test_ECU_1,MonitorTags.BT_ECU_RECEIVE_BUFFER,0
27.84000000000002,My_Test_ECU_1,MonitorTags.BT_ECU_TRANSMIT_BUFFER,0.0
27.84000000000002,My_Test_ECU_2,MonitorTags.BT_ECU_RECEIVE_BUFFER,0
27.84000000000002,My_Test_ECU_2,MonitorTags.BT_ECU_TRANSMIT_BUFFER,0
27.84000000000002,My_Test_ECU_3,MonitorTags.BT_ECU_RECEIVE_BUFFER,0
27.84000000000002,My_Test_ECU_3,MonitorTags.BT_ECU_TRANSMIT_BUFFER,0
27.84000000000002,My_Test_ECU_4,MonitorTags.BT_ECU_RECEIVE_BUFFER,0
27.84000000000002,My_Test_ECU_4,MonitorTags.BT_ECU_TRANSMIT_BUFFER,0
27.84000000000002,My_Test_ECU_5,MonitorTags.BT_ECU_RECEIVE_BUFFER,0
27.84000000000002,My_Test_ECU_5,MonitorTags.BT_ECU_TRANSMIT_BUFFER,0
27.84000000000002,My_Test_ECU_6,MonitorTags.BT_ECU_RECEIVE_BUFFER,0
27.84000000000002,My_Test_ECU_6,MonitorTags.BT_ECU_TRANSMIT_BUFFER,0
28.32000000000002,My_Test_ECU_1,MonitorTags.BT_ECU_RECEIVE_BUFFER,0
28.32000000000002,My_Test_ECU_1,MonitorTags.BT_ECU_TRANSMIT_BUFFER,0.0
28.32000000000002,My_Test_ECU_2,MonitorTags.BT_ECU_RECEIVE_BUFFER,0
28.32000000000002,My_Test_ECU_2,MonitorTags.BT_ECU_TRANSMIT_BUFFER,0
28.32000000000002,My_Test_ECU_3,MonitorTags.BT_ECU_RECEIVE_BUFFER,0
28.32000000000002,My_Test_ECU_3,MonitorTags.BT_ECU_TRANSMIT_BUFFER,0
28.32000000000002,My_Test_ECU_4,MonitorTags.BT_ECU_RECEIVE_BUFFER,0
28.32000000000002,My_Test_ECU_4,MonitorTags.BT_ECU_TRANSMIT_BUFFER,0
28.32000000000002,My_Test_ECU_5,MonitorTags.BT_ECU_RECEIVE_BUFFER,0
