Time;Component ID;Description;Monitor Tag;Processed Message;Message Size;Stream ID;Category;Message Identifier
2.0;My_Test_ECU_1;AUTH_SEND_TIME_BEFORE_ENCRYPTION;AUTH_SEND_TIME_BEFORE_ENCRYPTION;TEST STRING B;50;432;;16
2.2;My_Test_ECU_1;AUTH_SEND_TIME_AFTER_ENCRYPTION;AUTH_SEND_TIME_AFTER_ENCRYPTION;TEST STRING B;50;432;;16
2.2003395500000003;My_Test_ECU_2;AUTH_RECEIVE_TIME_BEFORE_DECRYPTION;AUTH_RECEIVE_TIME_BEFORE_DECRYPTION;TEST STRING B;64;432;;16
2.2003395500000003;My_Test_ECU_3;AUTH_RECEIVE_TIME_BEFORE_DECRYPTION;AUTH_RECEIVE_TIME_BEFORE_DECRYPTION;TEST STRING B;64;432;;16
2.200510325;My_Test_ECU_4;AUTH_RECEIVE_TIME_BEFORE_DECRYPTION;AUTH_RECEIVE_TIME_BEFORE_DECRYPTION;TEST STRING B;64;432;;16
2.200510325;My_Test_ECU_5;AUTH_RECEIVE_TIME_BEFORE_DECRYPTION;AUTH_RECEIVE_TIME_BEFORE_DECRYPTION;TEST STRING B;64;432;;16
2.200510325;My_Test_ECU_6;AUTH_RECEIVE_TIME_BEFORE_DECRYPTION;AUTH_RECEIVE_TIME_BEFORE_DECRYPTION;TEST STRING B;64;432;;16
2.5000000000001172;My_Test_ECU_1;AUTH_SEND_TIME_BEFORE_ENCRYPTION;AUTH_SEND_TIME_BEFORE_ENCRYPTION;TEST STRING B;64;432;;16
2.7000000000001174;My_Test_ECU_1;AUTH_SEND_TIME_AFTER_ENCRYPTION;AUTH_SEND_TIME_AFTER_ENCRYPTION;TEST STRING B;64;432;;16
2.7003395500000003;My_Test_ECU_2;AUTH_RECEIVE_TIME_AFTER_DECRYPTION;AUTH_RECEIVE_TIME_AFTER_DECRYPTION;TEST STRING B;64;432;;16
2.7003395500001175;My_Test_ECU_2;AUTH_RECEIVE_TIME_BEFORE_DECRYPTION;AUTH_RECEIVE_TIME_BEFORE_DECRYPTION;TEST STRING B;64;432;;16
2.7003395500000003;My_Test_ECU_3;AUTH_RECEIVE_TIME_AFTER_DECRYPTION;AUTH_RECEIVE_TIME_AFTER_DECRYPTION;TEST STRING B;64;432;;16
2.7003395500001175;My_Test_ECU_3;AUTH_RECEIVE_TIME_BEFORE_DECRYPTION;AUTH_RECEIVE_TIME_BEFORE_DECRYPTION;TEST STRING B;64;432;;16
2.700510325;My_Test_ECU_4;AUTH_RECEIVE_TIME_AFTER_DECRYPTION;AUTH_RECEIVE_TIME_AFTER_DECRYPTION;TEST STRING B;64;432;;16
2.7005103250001175;My_Test_ECU_4;AUTH_RECEIVE_TIME_BEFORE_DECRYPTION;AUTH_RECEIVE_TIME_BEFORE_DECRYPTION;TEST STRING B;64;432;;16
2.700510325;My_Test_ECU_5;AUTH_RECEIVE_TIME_AFTER_DECRYPTION;AUTH_RECEIVE_TIME_AFTER_DECRYPTION;TEST STRING B;64;432;;16
2.7005103250001175;My_Test_ECU_5;AUTH_RECEIVE_TIME_BEFORE_DECRYPTION;AUTH_RECEIVE_TIME_BEFORE_DECRYPTION;TEST STRING B;64;432;;16
2.700510325;My_Test_ECU_6;AUTH_RECEIVE_TIME_AFTER_DECRYPTION;AUTH_RECEIVE_TIME_AFTER_DECRYPTION;TEST STRING B;64;432;;16
2.7005103250001175;My_Test_ECU_6;AUTH_RECEIVE_TIME_BEFORE_DECRYPTION;AUTH_RECEIVE_TIME_BEFORE_DECRYPTION;TEST STRING B;64;432;;16
3.0000000000002194;My_Test_ECU_1;AUTH_SEND_TIME_BEFORE_ENCRYPTION;AUTH_SEND_TIME_BEFORE_ENCRYPTION;TEST STRING B;64;432;;16
3.2000000000002196;My_Test_ECU_1;AUTH_SEND_TIME_AFTER_ENCRYPTION;AUTH_SEND_TIME_AFTER_ENCRYPTION;TEST STRING B;64;432;;16
3.2003395500001175;My_Test_ECU_2;AUTH_RECEIVE_TIME_AFTER_DECRYPTION;AUTH_RECEIVE_TIME_AFTER_DECRYPTION;TEST STRING B;64;432;;16
3.2003395500002196;My_Test_ECU_2;AUTH_RECEIVE_TIME_BEFORE_DECRYPTION;AUTH_RECEIVE_TIME_BEFORE_DECRYPTION;TEST STRING B;64;432;;16
3.2003395500001175;My_Test_ECU_3;AUTH_RECEIVE_TIME_AFTER_DECRYPTION;AUTH_RECEIVE_TIME_AFTER_DECRYPTION;TEST STRING B;64;432;;16
3.2003395500002196;My_Test_ECU_3;AUTH_RECEIVE_TIME_BEFORE_DECRYPTION;AUTH_RECEIVE_TIME_BEFORE_DECRYPTION;TEST STRING B;64;432;;16
3.2005103250001175;My_Test_ECU_4;AUTH_RECEIVE_TIME_AFTER_DECRYPTION;AUTH_RECEIVE_TIME_AFTER_DECRYPTION;TEST STRING B;64;432;;16
3.2005103250002196;My_Test_ECU_4;AUTH_RECEIVE_TIME_BEFORE_DECRYPTION;AUTH_RECEIVE_TIME_BEFORE_DECRYPTION;TEST STRING B;64;432;;16
3.2005103250001175;My_Test_ECU_5;AUTH_RECEIVE_TIME_AFTER_DECRYPTION;AUTH_RECEIVE_TIME_AFTER_DECRYPTION;TEST STRING B;64;432;;16
3.2005103250002196;My_Test_ECU_5;AUTH_RECEIVE_TIME_BEFORE_DECRYPTION;AUTH_RECEIVE_TIME_BEFORE_DECRYPTION;TEST STRING B;64;432;;16
3.2005103250001175;My_Test_ECU_6;AUTH_RECEIVE_TIME_AFTER_DECRYPTION;AUTH_RECEIVE_TIME_AFTER_DECRYPTION;TEST STRING B;64;432;;16
3.2005103250002196;My_Test_ECU_6;AUTH_RECEIVE_TIME_BEFORE_DECRYPTION;AUTH_RECEIVE_TIME_BEFORE_DECRYPTION;TEST STRING B;64;432;;16
3.5000000000005285;My_Test_ECU_1;AUTH_SEND_TIME_BEFORE_ENCRYPTION;AUTH_SEND_TIME_BEFORE_ENCRYPTION;TEST STRING B;64;432;;16
3.7000000000005286;My_Test_ECU_1;AUTH_SEND_TIME_AFTER_ENCRYPTION;AUTH_SEND_TIME_AFTER_ENCRYPTION;TEST STRING B;64;432;;16
3.7003395500002196;My_Test_ECU_2;AUTH_RECEIVE_TIME_AFTER_DECRYPTION;AUTH_RECEIVE_TIME_AFTER_DECRYPTION;TEST STRING B;64;432;;16
3.7003395500005287;My_Test_ECU_2;AUTH_RECEIVE_TIME_BEFORE_DECRYPTION;AUTH_RECEIVE_TIME_BEFORE_DECRYPTION;TEST STRING B;64;432;;16
3.7003395500002196;My_Test_ECU_3;AUTH_RECEIVE_TIME_AFTER_DECRYPTION;AUTH_RECEIVE_TIME_AFTER_DECRYPTION;TEST STRING B;64;432;;16
3.7003395500005287;My_Test_ECU_3;AUTH_RECEIVE_TIME_BEFORE_DECRYPTION;AUTH_RECEIVE_TIME_BEFORE_DECRYPTION;TEST STRING B;64;432;;16
3.7005103250002196;My_Test_ECU_4;AUTH_RECEIVE_TIME_AFTER_DECRYPTION;AUTH_RECEIVE_TIME_AFTER_DECRYPTION;TEST STRING B;64;432;;16
3.7005103250005287;My_Test_ECU_4;AUTH_RECEIVE_TIME_BEFORE_DECRYPTION;AUTH_RECEIVE_TIME_BEFORE_DECRYPTION;TEST STRING B;64;432;;16
3.7005103250002196;My_Test_ECU_5;AUTH_RECEIVE_TIME_AFTER_DECRYPTION;AUTH_RECEIVE_TIME_AFTER_DECRYPTION;TEST STRING B;64;432;;16
3.7005103250005287;My_Test_ECU_5;AUTH_RECEIVE_TIME_BEFORE_DECRYPTION;AUTH_RECEIVE_TIME_BEFORE_DECRYPTION;TEST STRING B;64;432;;16
3.7005103250002196;My_Test_ECU_6;AUTH_RECEIVE_TIME_AFTER_DECRYPTION;AUTH_RECEIVE_TIME_AFTER_DECRYPTION;TEST STRING B;64;432;;16
3.7005103250005287;My_Test_ECU_6;AUTH_RECEIVE_TIME_BEFORE_DECRYPTION;AUTH_RECEIVE_TIME_BEFORE_DECRYPTION;TEST STRING B;64;432;;16
4.00000000000079;My_Test_ECU_1;AUTH_SEND_TIME_BEFORE_ENCRYPTION;AUTH_SEND_TIME_BEFORE_ENCRYPTION;TEST STRING B;64;432;;16
4.20000000000079;My_Test_ECU_1;AUTH_SEND_TIME_AFTER_ENCRYPTION;AUTH_SEND_TIME_AFTER_ENCRYPTION;TEST STRING B;64;432;;16
4.200339550000528;My_Test_ECU_2;AUTH_RECEIVE_TIME_AFTER_DECRYPTION;AUTH_RECEIVE_TIME_AFTER_DECRYPTION;TEST STRING B;64;432;;16
4.200339550000789;My_Test_ECU_2;AUTH_RECEIVE_TIME_BEFORE_DECRYPTION;AUTH_RECEIVE_TIME_BEFORE_DECRYPTION;TEST STRING B;64;432;;16
4.200339550000528;My_Test_ECU_3;AUTH_RECEIVE_TIME_AFTER_DECRYPTION;AUTH_RECEIVE_TIME_AFTER_DECRYPTION;TEST STRING B;64;432;;16
4.200339550000789;My_Test_ECU_3;AUTH_RECEIVE_TIME_BEFORE_DECRYPTION;AUTH_RECEIVE_TIME_BEFORE_DECRYPTION;TEST STRING B;64;432;;16
4.200510325000529;My_Test_ECU_4;AUTH_RECEIVE_TIME_AFTER_DECRYPTION;AUTH_RECEIVE_TIME_AFTER_DECRYPTION;TEST STRING B;64;432;;16
4.200510325000789;My_Test_ECU_4;AUTH_RECEIVE_TIME_BEFORE_DECRYPTION;AUTH_RECEIVE_TIME_BEFORE_DECRYPTION;TEST STRING B;64;432;;16
4.200510325000529;My_Test_ECU_5;AUTH_RECEIVE_TIME_AFTER_DECRYPTION;AUTH_RECEIVE_TIME_AFTER_DECRYPTION;TEST STRING B;64;432;;16
4.200510325000789;My_Test_ECU_5;AUTH_RECEIVE_TIME_BEFORE_DECRYPTION;AUTH_RECEIVE_TIME_BEFORE_DECRYPTION;TEST STRING B;64;432;;16
4.200510325000529;My_Test_ECU_6;AUTH_RECEIVE_TIME_AFTER_DECRYPTION;AUTH_RECEIVE_TIME_AFTER_DECRYPTION;TEST STRING B;64;432;;16
4.200510325000789;My_Test_ECU_6;AUTH_RECEIVE_TIME_BEFORE_DECRYPTION;AUTH_RECEIVE_TIME_BEFORE_DECRYPTION;TEST STRING B;64;432;;16
4.5000000000008695;My_Test_ECU_1;AUTH_SEND_TIME_BEFORE_ENCRYPTION;AUTH_SEND_TIME_BEFORE_ENCRYPTION;TEST STRING B;64;432;;16
4.70000000000087;My_Test_ECU_1;AUTH_SEND_TIME_AFTER_ENCRYPTION;AUTH_SEND_TIME_AFTER_ENCRYPTION;TEST STRING B;64;432;;16
4.700339550000789;My_Test_ECU_2;AUTH_RECEIVE_TIME_AFTER_DECRYPTION;AUTH_RECEIVE_TIME_AFTER_DECRYPTION;TEST STRING B;64;432;;16
4.700339550000869;My_Test_ECU_2;AUTH_RECEIVE_TIME_BEFORE_DECRYPTION;AUTH_RECEIVE_TIME_BEFORE_DECRYPTION;TEST STRING B;64;432;;16
4.700339550000789;My_Test_ECU_3;AUTH_RECEIVE_TIME_AFTER_DECRYPTION;AUTH_RECEIVE_TIME_AFTER_DECRYPTION;TEST STRING B;64;432;;16
4.700339550000869;My_Test_ECU_3;AUTH_RECEIVE_TIME_BEFORE_DECRYPTION;AUTH_RECEIVE_TIME_BEFORE_DECRYPTION;TEST STRING B;64;432;;16
4.700510325000789;My_Test_ECU_4;AUTH_RECEIVE_TIME_AFTER_DECRYPTION;AUTH_RECEIVE_TIME_AFTER_DECRYPTION;TEST STRING B;64;432;;16
4.700510325000869;My_Test_ECU_4;AUTH_RECEIVE_TIME_BEFORE_DECRYPTION;AUTH_RECEIVE_TIME_BEFORE_DECRYPTION;TEST STRING B;64;432;;16
4.700510325000789;My_Test_ECU_5;AUTH_RECEIVE_TIME_AFTER_DECRYPTION;AUTH_RECEIVE_TIME_AFTER_DECRYPTION;TEST STRING B;64;432;;16
4.700510325000869;My_Test_ECU_5;AUTH_RECEIVE_TIME_BEFORE_DECRYPTION;AUTH_RECEIVE_TIME_BEFORE_DECRYPTION;TEST STRING B;64;432;;16
4.700510325000789;My_Test_ECU_6;AUTH_RECEIVE_TIME_AFTER_DECRYPTION;AUTH_RECEIVE_TIME_AFTER_DECRYPTION;TEST STRING B;64;432;;16
4.700510325000869;My_Test_ECU_6;AUTH_RECEIVE_TIME_BEFORE_DECRYPTION;AUTH_RECEIVE_TIME_BEFORE_DECRYPTION;TEST STRING B;64;432;;16
5.000000000001263;My_Test_ECU_1;AUTH_SEND_TIME_BEFORE_ENCRYPTION;AUTH_SEND_TIME_BEFORE_ENCRYPTION;TEST STRING B;64;432;;16
5.200000000001263;My_Test_ECU_1;AUTH_SEND_TIME_AFTER_ENCRYPTION;AUTH_SEND_TIME_AFTER_ENCRYPTION;TEST STRING B;64;432;;16
5.200339550000869;My_Test_ECU_2;AUTH_RECEIVE_TIME_AFTER_DECRYPTION;AUTH_RECEIVE_TIME_AFTER_DECRYPTION;TEST STRING B;64;432;;16
5.200339550001263;My_Test_ECU_2;AUTH_RECEIVE_TIME_BEFORE_DECRYPTION;AUTH_RECEIVE_TIME_BEFORE_DECRYPTION;TEST STRING B;64;432;;16
5.200339550000869;My_Test_ECU_3;AUTH_RECEIVE_TIME_AFTER_DECRYPTION;AUTH_RECEIVE_TIME_AFTER_DECRYPTION;TEST STRING B;64;432;;16
5.200339550001263;My_Test_ECU_3;AUTH_RECEIVE_TIME_BEFORE_DECRYPTION;AUTH_RECEIVE_TIME_BEFORE_DECRYPTION;TEST STRING B;64;432;;16
5.200510325000869;My_Test_ECU_4;AUTH_RECEIVE_TIME_AFTER_DECRYPTION;AUTH_RECEIVE_TIME_AFTER_DECRYPTION;TEST STRING B;64;432;;16
5.200510325001263;My_Test_ECU_4;AUTH_RECEIVE_TIME_BEFORE_DECRYPTION;AUTH_RECEIVE_TIME_BEFORE_DECRYPTION;TEST STRING B;64;432;;16
5.200510325000869;My_Test_ECU_5;AUTH_RECEIVE_TIME_AFTER_DECRYPTION;AUTH_RECEIVE_TIME_AFTER_DECRYPTION;TEST STRING B;64;432;;16
5.200510325001263;My_Test_ECU_5;AUTH_RECEIVE_TIME_BEFORE_DECRYPTION;AUTH_RECEIVE_TIME_BEFORE_DECRYPTION;TEST STRING B;64;432;;16
5.200510325000869;My_Test_ECU_6;AUTH_RECEIVE_TIME_AFTER_DECRYPTION;AUTH_RECEIVE_TIME_AFTER_DECRYPTION;TEST STRING B;64;432;;16
5.200510325001263;My_Test_ECU_6;AUTH_RECEIVE_TIME_BEFORE_DECRYPTION;AUTH_RECEIVE_TIME_BEFORE_DECRYPTION;TEST STRING B;64;432;;16
5.500000000001713;My_Test_ECU_1;AUTH_SEND_TIME_BEFORE_ENCRYPTION;AUTH_SEND_TIME_BEFORE_ENCRYPTION;TEST STRING B;64;432;;16
5.7000000000017135;My_Test_ECU_1;AUTH_SEND_TIME_AFTER_ENCRYPTION;AUTH_SEND_TIME_AFTER_ENCRYPTION;TEST STRING B;64;432;;16
5.700339550001263;My_Test_ECU_2;AUTH_RECEIVE_TIME_AFTER_DECRYPTION;AUTH_RECEIVE_TIME_AFTER_DECRYPTION;TEST STRING B;64;432;;16
5.700339550001713;My_Test_ECU_2;AUTH_RECEIVE_TIME_BEFORE_DECRYPTION;AUTH_RECEIVE_TIME_BEFORE_DECRYPTION;TEST STRING B;64;432;;16
5.700339550001263;My_Test_ECU_3;AUTH_RECEIVE_TIME_AFTER_DECRYPTION;AUTH_RECEIVE_TIME_AFTER_DECRYPTION;TEST STRING B;64;432;;16
5.700339550001713;My_Test_ECU_3;AUTH_RECEIVE_TIME_BEFORE_DECRYPTION;AUTH_RECEIVE_TIME_BEFORE_DECRYPTION;TEST STRING B;64;432;;16
5.700510325001263;My_Test_ECU_4;AUTH_RECEIVE_TIME_AFTER_DECRYPTION;AUTH_RECEIVE_TIME_AFTER_DECRYPTION;TEST STRING B;64;432;;16
5.700510325001713;My_Test_ECU_4;AUTH_RECEIVE_TIME_BEFORE_DECRYPTION;AUTH_RECEIVE_TIME_BEFORE_DECRYPTION;TEST STRING B;64;432;;16
5.700510325001263;My_Test_ECU_5;AUTH_RECEIVE_TIME_AFTER_DECRYPTION;AUTH_RECEIVE_TIME_AFTER_DECRYPTION;TEST STRING B;64;432;;16
5.700510325001713;My_Test_ECU_5;AUTH_RECEIVE_TIME_BEFORE_DECRYPTION;AUTH_RECEIVE_TIME_BEFORE_DECRYPTION;TEST STRING B;64;432;;16
5.700510325001263;My_Test_ECU_6;AUTH_RECEIVE_TIME_AFTER_DECRYPTION;AUTH_RECEIVE_TIME_AFTER_DECRYPTION;TEST STRING B;64;432;;16
5.700510325001713;My_Test_ECU_6;AUTH_RECEIVE_TIME_BEFORE_DECRYPTION;AUTH_RECEIVE_TIME_BEFORE_DECRYPTION;TEST STRING B;64;432;;16
6.000000000002208;My_Test_ECU_1;AUTH_SEND_TIME_BEFORE_ENCRYPTION;AUTH_SEND_TIME_BEFORE_ENCRYPTION;TEST STRING B;64;432;;16
6.200000000002208;My_Test_ECU_1;AUTH_SEND_TIME_AFTER_ENCRYPTION;AUTH_SEND_TIME_AFTER_ENCRYPTION;TEST STRING B;64;432;;16
6.200339550001713;My_Test_ECU_2;AUTH_RECEIVE_TIME_AFTER_DECRYPTION;AUTH_RECEIVE_TIME_AFTER_DECRYPTION;TEST STRING B;64;432;;16
6.200339550002208;My_Test_ECU_2;AUTH_RECEIVE_TIME_BEFORE_DECRYPTION;AUTH_RECEIVE_TIME_BEFORE_DECRYPTION;TEST STRING B;64;432;;16
6.200339550001713;My_Test_ECU_3;AUTH_RECEIVE_TIME_AFTER_DECRYPTION;AUTH_RECEIVE_TIME_AFTER_DECRYPTION;TEST STRING B;64;432;;16
6.200339550002208;My_Test_ECU_3;AUTH_RECEIVE_TIME_BEFORE_DECRYPTION;AUTH_RECEIVE_TIME_BEFORE_DECRYPTION;TEST STRING B;64;432;;16
6.200510325001713;My_Test_ECU_4;AUTH_RECEIVE_TIME_AFTER_DECRYPTION;AUTH_RECEIVE_TIME_AFTER_DECRYPTION;TEST STRING B;64;432;;16
6.200510325002208;My_Test_ECU_4;AUTH_RECEIVE_TIME_BEFORE_DECRYPTION;AUTH_RECEIVE_TIME_BEFORE_DECRYPTION;TEST STRING B;64;432;;16
6.200510325001713;My_Test_ECU_5;AUTH_RECEIVE_TIME_AFTER_DECRYPTION;AUTH_RECEIVE_TIME_AFTER_DECRYPTION;TEST STRING B;64;432;;16
6.200510325002208;My_Test_ECU_5;AUTH_RECEIVE_TIME_BEFORE_DECRYPTION;AUTH_RECEIVE_TIME_BEFORE_DECRYPTION;TEST STRING B;64;432;;16
6.200510325001713;My_Test_ECU_6;AUTH_RECEIVE_TIME_AFTER_DECRYPTION;AUTH_RECEIVE_TIME_AFTER_DECRYPTION;TEST STRING B;64;432;;16
6.200510325002208;My_Test_ECU_6;AUTH_RECEIVE_TIME_BEFORE_DECRYPTION;AUTH_RECEIVE_TIME_BEFORE_DECRYPTION;TEST STRING B;64;432;;16
6.500000000002345;My_Test_ECU_1;AUTH_SEND_TIME_BEFORE_ENCRYPTION;AUTH_SEND_TIME_BEFORE_ENCRYPTION;TEST STRING B;64;432;;16
6.700000000002345;My_Test_ECU_1;AUTH_SEND_TIME_AFTER_ENCRYPTION;AUTH_SEND_TIME_AFTER_ENCRYPTION;TEST STRING B;64;432;;16
6.700339550002208;My_Test_ECU_2;AUTH_RECEIVE_TIME_AFTER_DECRYPTION;AUTH_RECEIVE_TIME_AFTER_DECRYPTION;TEST STRING B;64;432;;16
6.700339550002345;My_Test_ECU_2;AUTH_RECEIVE_TIME_BEFORE_DECRYPTION;AUTH_RECEIVE_TIME_BEFORE_DECRYPTION;TEST STRING B;64;432;;16
6.700339550002208;My_Test_ECU_3;AUTH_RECEIVE_TIME_AFTER_DECRYPTION;AUTH_RECEIVE_TIME_AFTER_DECRYPTION;TEST STRING B;64;432;;16
6.700339550002345;My_Test_ECU_3;AUTH_RECEIVE_TIME_BEFORE_DECRYPTION;AUTH_RECEIVE_TIME_BEFORE_DECRYPTION;TEST STRING B;64;432;;16
6.700510325002208;My_Test_ECU_4;AUTH_RECEIVE_TIME_AFTER_DECRYPTION;AUTH_RECEIVE_TIME_AFTER_DECRYPTION;TEST STRING B;64;432;;16
6.700510325002345;My_Test_ECU_4;AUTH_RECEIVE_TIME_BEFORE_DECRYPTION;AUTH_RECEIVE_TIME_BEFORE_DECRYPTION;TEST STRING B;64;432;;16
6.700510325002208;My_Test_ECU_5;AUTH_RECEIVE_TIME_AFTER_DECRYPTION;AUTH_RECEIVE_TIME_AFTER_DECRYPTION;TEST STRING B;64;432;;16
6.700510325002345;My_Test_ECU_5;AUTH_RECEIVE_TIME_BEFORE_DECRYPTION;AUTH_RECEIVE_TIME_BEFORE_DECRYPTION;TEST STRING B;64;432;;16
6.700510325002208;My_Test_ECU_6;AUTH_RECEIVE_TIME_AFTER_DECRYPTION;AUTH_RECEIVE_TIME_AFTER_DECRYPTION;TEST STRING B;64;432;;16
6.700510325002345;My_Test_ECU_6;AUTH_RECEIVE_TIME_BEFORE_DECRYPTION;AUTH_RECEIVE_TIME_BEFORE_DECRYPTION;TEST STRING B;64;432;;16
7.000000000002512;My_Test_ECU_1;AUTH_SEND_TIME_BEFORE_ENCRYPTION;AUTH_SEND_TIME_BEFORE_ENCRYPTION;TEST STRING B;64;432;;16
7.200000000002512;My_Test_ECU_1;AUTH_SEND_TIME_AFTER_ENCRYPTION;AUTH_SEND_TIME_AFTER_ENCRYPTION;TEST STRING B;64;432;;16
7.500000000002837;My_Test_ECU_1;AUTH_SEND_TIME_BEFORE_ENCRYPTION;AUTH_SEND_TIME_BEFORE_ENCRYPTION;TEST STRING B;64;432;;16
7.200339550002345;My_Test_ECU_2;AUTH_RECEIVE_TIME_AFTER_DECRYPTION;AUTH_RECEIVE_TIME_AFTER_DECRYPTION;TEST STRING B;64;432;;16
7.200339550002512;My_Test_ECU_2;AUTH_RECEIVE_TIME_BEFORE_DECRYPTION;AUTH_RECEIVE_TIME_BEFORE_DECRYPTION;TEST STRING B;64;432;;16
7.200339550002345;My_Test_ECU_3;AUTH_RECEIVE_TIME_AFTER_DECRYPTION;AUTH_RECEIVE_TIME_AFTER_DECRYPTION;TEST STRING B;64;432;;16
7.200339550002512;My_Test_ECU_3;AUTH_RECEIVE_TIME_BEFORE_DECRYPTION;AUTH_RECEIVE_TIME_BEFORE_DECRYPTION;TEST STRING B;64;432;;16
7.200510325002345;My_Test_ECU_4;AUTH_RECEIVE_TIME_AFTER_DECRYPTION;AUTH_RECEIVE_TIME_AFTER_DECRYPTION;TEST STRING B;64;432;;16
7.2005103250025115;My_Test_ECU_4;AUTH_RECEIVE_TIME_BEFORE_DECRYPTION;AUTH_RECEIVE_TIME_BEFORE_DECRYPTION;TEST STRING B;64;432;;16
7.200510325002345;My_Test_ECU_5;AUTH_RECEIVE_TIME_AFTER_DECRYPTION;AUTH_RECEIVE_TIME_AFTER_DECRYPTION;TEST STRING B;64;432;;16
7.2005103250025115;My_Test_ECU_5;AUTH_RECEIVE_TIME_BEFORE_DECRYPTION;AUTH_RECEIVE_TIME_BEFORE_DECRYPTION;TEST STRING B;64;432;;16
7.200510325002345;My_Test_ECU_6;AUTH_RECEIVE_TIME_AFTER_DECRYPTION;AUTH_RECEIVE_TIME_AFTER_DECRYPTION;TEST STRING B;64;432;;16
7.2005103250025115;My_Test_ECU_6;AUTH_RECEIVE_TIME_BEFORE_DECRYPTION;AUTH_RECEIVE_TIME_BEFORE_DECRYPTION;TEST STRING B;64;432;;16
7.700000000002837;My_Test_ECU_1;AUTH_SEND_TIME_AFTER_ENCRYPTION;AUTH_SEND_TIME_AFTER_ENCRYPTION;TEST STRING B;64;432;;16
8.000000000003128;My_Test_ECU_1;AUTH_SEND_TIME_BEFORE_ENCRYPTION;AUTH_SEND_TIME_BEFORE_ENCRYPTION;TEST STRING B;64;432;;16
7.700339550002512;My_Test_ECU_2;AUTH_RECEIVE_TIME_AFTER_DECRYPTION;AUTH_RECEIVE_TIME_AFTER_DECRYPTION;TEST STRING B;64;432;;16
7.700339550002837;My_Test_ECU_2;AUTH_RECEIVE_TIME_BEFORE_DECRYPTION;AUTH_RECEIVE_TIME_BEFORE_DECRYPTION;TEST STRING B;64;432;;16
7.700339550002512;My_Test_ECU_3;AUTH_RECEIVE_TIME_AFTER_DECRYPTION;AUTH_RECEIVE_TIME_AFTER_DECRYPTION;TEST STRING B;64;432;;16
7.700339550002837;My_Test_ECU_3;AUTH_RECEIVE_TIME_BEFORE_DECRYPTION;AUTH_RECEIVE_TIME_BEFORE_DECRYPTION;TEST STRING B;64;432;;16
7.7005103250025115;My_Test_ECU_4;AUTH_RECEIVE_TIME_AFTER_DECRYPTION;AUTH_RECEIVE_TIME_AFTER_DECRYPTION;TEST STRING B;64;432;;16
7.700510325002837;My_Test_ECU_4;AUTH_RECEIVE_TIME_BEFORE_DECRYPTION;AUTH_RECEIVE_TIME_BEFORE_DECRYPTION;TEST STRING B;64;432;;16
7.7005103250025115;My_Test_ECU_5;AUTH_RECEIVE_TIME_AFTER_DECRYPTION;AUTH_RECEIVE_TIME_AFTER_DECRYPTION;TEST STRING B;64;432;;16
7.700510325002837;My_Test_ECU_5;AUTH_RECEIVE_TIME_BEFORE_DECRYPTION;AUTH_RECEIVE_TIME_BEFORE_DECRYPTION;TEST STRING B;64;432;;16
7.7005103250025115;My_Test_ECU_6;AUTH_RECEIVE_TIME_AFTER_DECRYPTION;AUTH_RECEIVE_TIME_AFTER_DECRYPTION;TEST STRING B;64;432;;16
7.700510325002837;My_Test_ECU_6;AUTH_RECEIVE_TIME_BEFORE_DECRYPTION;AUTH_RECEIVE_TIME_BEFORE_DECRYPTION;TEST STRING B;64;432;;16
8.200000000003127;My_Test_ECU_1;AUTH_SEND_TIME_AFTER_ENCRYPTION;AUTH_SEND_TIME_AFTER_ENCRYPTION;TEST STRING B;64;432;;16
8.500000000003501;My_Test_ECU_1;AUTH_SEND_TIME_BEFORE_ENCRYPTION;AUTH_SEND_TIME_BEFORE_ENCRYPTION;TEST STRING B;64;432;;16
8.200339550002838;My_Test_ECU_2;AUTH_RECEIVE_TIME_AFTER_DECRYPTION;AUTH_RECEIVE_TIME_AFTER_DECRYPTION;TEST STRING B;64;432;;16
8.200339550003129;My_Test_ECU_2;AUTH_RECEIVE_TIME_BEFORE_DECRYPTION;AUTH_RECEIVE_TIME_BEFORE_DECRYPTION;TEST STRING B;64;432;;16
8.200339550002838;My_Test_ECU_3;AUTH_RECEIVE_TIME_AFTER_DECRYPTION;AUTH_RECEIVE_TIME_AFTER_DECRYPTION;TEST STRING B;64;432;;16
8.200339550003129;My_Test_ECU_3;AUTH_RECEIVE_TIME_BEFORE_DECRYPTION;AUTH_RECEIVE_TIME_BEFORE_DECRYPTION;TEST STRING B;64;432;;16
8.200510325002837;My_Test_ECU_4;AUTH_RECEIVE_TIME_AFTER_DECRYPTION;AUTH_RECEIVE_TIME_AFTER_DECRYPTION;TEST STRING B;64;432;;16
8.20051032500313;My_Test_ECU_4;AUTH_RECEIVE_TIME_BEFORE_DECRYPTION;AUTH_RECEIVE_TIME_BEFORE_DECRYPTION;TEST STRING B;64;432;;16
8.200510325002837;My_Test_ECU_5;AUTH_RECEIVE_TIME_AFTER_DECRYPTION;AUTH_RECEIVE_TIME_AFTER_DECRYPTION;TEST STRING B;64;432;;16
8.20051032500313;My_Test_ECU_5;AUTH_RECEIVE_TIME_BEFORE_DECRYPTION;AUTH_RECEIVE_TIME_BEFORE_DECRYPTION;TEST STRING B;64;432;;16
8.200510325002837;My_Test_ECU_6;AUTH_RECEIVE_TIME_AFTER_DECRYPTION;AUTH_RECEIVE_TIME_AFTER_DECRYPTION;TEST STRING B;64;432;;16
8.20051032500313;My_Test_ECU_6;AUTH_RECEIVE_TIME_BEFORE_DECRYPTION;AUTH_RECEIVE_TIME_BEFORE_DECRYPTION;TEST STRING B;64;432;;16
8.7000000000035;My_Test_ECU_1;AUTH_SEND_TIME_AFTER_ENCRYPTION;AUTH_SEND_TIME_AFTER_ENCRYPTION;TEST STRING B;64;432;;16
9.000000000003844;My_Test_ECU_1;AUTH_SEND_TIME_BEFORE_ENCRYPTION;AUTH_SEND_TIME_BEFORE_ENCRYPTION;TEST STRING B;64;432;;16
8.700339550003129;My_Test_ECU_2;AUTH_RECEIVE_TIME_AFTER_DECRYPTION;AUTH_RECEIVE_TIME_AFTER_DECRYPTION;TEST STRING B;64;432;;16
8.700339550003502;My_Test_ECU_2;AUTH_RECEIVE_TIME_BEFORE_DECRYPTION;AUTH_RECEIVE_TIME_BEFORE_DECRYPTION;TEST STRING B;64;432;;16
8.700339550003129;My_Test_ECU_3;AUTH_RECEIVE_TIME_AFTER_DECRYPTION;AUTH_RECEIVE_TIME_AFTER_DECRYPTION;TEST STRING B;64;432;;16
8.700339550003502;My_Test_ECU_3;AUTH_RECEIVE_TIME_BEFORE_DECRYPTION;AUTH_RECEIVE_TIME_BEFORE_DECRYPTION;TEST STRING B;64;432;;16
8.70051032500313;My_Test_ECU_4;AUTH_RECEIVE_TIME_AFTER_DECRYPTION;AUTH_RECEIVE_TIME_AFTER_DECRYPTION;TEST STRING B;64;432;;16
8.700510325003503;My_Test_ECU_4;AUTH_RECEIVE_TIME_BEFORE_DECRYPTION;AUTH_RECEIVE_TIME_BEFORE_DECRYPTION;TEST STRING B;64;432;;16
8.70051032500313;My_Test_ECU_5;AUTH_RECEIVE_TIME_AFTER_DECRYPTION;AUTH_RECEIVE_TIME_AFTER_DECRYPTION;TEST STRING B;64;432;;16
8.700510325003503;My_Test_ECU_5;AUTH_RECEIVE_TIME_BEFORE_DECRYPTION;AUTH_RECEIVE_TIME_BEFORE_DECRYPTION;TEST STRING B;64;432;;16
8.70051032500313;My_Test_ECU_6;AUTH_RECEIVE_TIME_AFTER_DECRYPTION;AUTH_RECEIVE_TIME_AFTER_DECRYPTION;TEST STRING B;64;432;;16
8.700510325003503;My_Test_ECU_6;AUTH_RECEIVE_TIME_BEFORE_DECRYPTION;AUTH_RECEIVE_TIME_BEFORE_DECRYPTION;TEST STRING B;64;432;;16
9.200000000003843;My_Test_ECU_1;AUTH_SEND_TIME_AFTER_ENCRYPTION;AUTH_SEND_TIME_AFTER_ENCRYPTION;TEST STRING B;64;432;;16
9.500000000004064;My_Test_ECU_1;AUTH_SEND_TIME_BEFORE_ENCRYPTION;AUTH_SEND_TIME_BEFORE_ENCRYPTION;TEST STRING B;64;432;;16
9.200339550003502;My_Test_ECU_2;AUTH_RECEIVE_TIME_AFTER_DECRYPTION;AUTH_RECEIVE_TIME_AFTER_DECRYPTION;TEST STRING B;64;432;;16
9.200339550003845;My_Test_ECU_2;AUTH_RECEIVE_TIME_BEFORE_DECRYPTION;AUTH_RECEIVE_TIME_BEFORE_DECRYPTION;TEST STRING B;64;432;;16
9.200339550003502;My_Test_ECU_3;AUTH_RECEIVE_TIME_AFTER_DECRYPTION;AUTH_RECEIVE_TIME_AFTER_DECRYPTION;TEST STRING B;64;432;;16
9.200339550003845;My_Test_ECU_3;AUTH_RECEIVE_TIME_BEFORE_DECRYPTION;AUTH_RECEIVE_TIME_BEFORE_DECRYPTION;TEST STRING B;64;432;;16
9.200510325003503;My_Test_ECU_4;AUTH_RECEIVE_TIME_AFTER_DECRYPTION;AUTH_RECEIVE_TIME_AFTER_DECRYPTION;TEST STRING B;64;432;;16
9.200510325003846;My_Test_ECU_4;AUTH_RECEIVE_TIME_BEFORE_DECRYPTION;AUTH_RECEIVE_TIME_BEFORE_DECRYPTION;TEST STRING B;64;432;;16
9.200510325003503;My_Test_ECU_5;AUTH_RECEIVE_TIME_AFTER_DECRYPTION;AUTH_RECEIVE_TIME_AFTER_DECRYPTION;TEST STRING B;64;432;;16
9.200510325003846;My_Test_ECU_5;AUTH_RECEIVE_TIME_BEFORE_DECRYPTION;AUTH_RECEIVE_TIME_BEFORE_DECRYPTION;TEST STRING B;64;432;;16
9.200510325003503;My_Test_ECU_6;AUTH_RECEIVE_TIME_AFTER_DECRYPTION;AUTH_RECEIVE_TIME_AFTER_DECRYPTION;TEST STRING B;64;432;;16
9.200510325003846;My_Test_ECU_6;AUTH_RECEIVE_TIME_BEFORE_DECRYPTION;AUTH_RECEIVE_TIME_BEFORE_DECRYPTION;TEST STRING B;64;432;;16
9.700000000004064;My_Test_ECU_1;AUTH_SEND_TIME_AFTER_ENCRYPTION;AUTH_SEND_TIME_AFTER_ENCRYPTION;TEST STRING B;64;432;;16
10.000000000004352;My_Test_ECU_1;AUTH_SEND_TIME_BEFORE_ENCRYPTION;AUTH_SEND_TIME_BEFORE_ENCRYPTION;TEST STRING B;64;432;;16
9.700339550003845;My_Test_ECU_2;AUTH_RECEIVE_TIME_AFTER_DECRYPTION;AUTH_RECEIVE_TIME_AFTER_DECRYPTION;TEST STRING B;64;432;;16
9.700339550004065;My_Test_ECU_2;AUTH_RECEIVE_TIME_BEFORE_DECRYPTION;AUTH_RECEIVE_TIME_BEFORE_DECRYPTION;TEST STRING B;64;432;;16
9.700339550003845;My_Test_ECU_3;AUTH_RECEIVE_TIME_AFTER_DECRYPTION;AUTH_RECEIVE_TIME_AFTER_DECRYPTION;TEST STRING B;64;432;;16
9.700339550004065;My_Test_ECU_3;AUTH_RECEIVE_TIME_BEFORE_DECRYPTION;AUTH_RECEIVE_TIME_BEFORE_DECRYPTION;TEST STRING B;64;432;;16
9.700510325003846;My_Test_ECU_4;AUTH_RECEIVE_TIME_AFTER_DECRYPTION;AUTH_RECEIVE_TIME_AFTER_DECRYPTION;TEST STRING B;64;432;;16
9.700510325004066;My_Test_ECU_4;AUTH_RECEIVE_TIME_BEFORE_DECRYPTION;AUTH_RECEIVE_TIME_BEFORE_DECRYPTION;TEST STRING B;64;432;;16
9.700510325003846;My_Test_ECU_5;AUTH_RECEIVE_TIME_AFTER_DECRYPTION;AUTH_RECEIVE_TIME_AFTER_DECRYPTION;TEST STRING B;64;432;;16
9.700510325004066;My_Test_ECU_5;AUTH_RECEIVE_TIME_BEFORE_DECRYPTION;AUTH_RECEIVE_TIME_BEFORE_DECRYPTION;TEST STRING B;64;432;;16
9.700510325003846;My_Test_ECU_6;AUTH_RECEIVE_TIME_AFTER_DECRYPTION;AUTH_RECEIVE_TIME_AFTER_DECRYPTION;TEST STRING B;64;432;;16
9.700510325004066;My_Test_ECU_6;AUTH_RECEIVE_TIME_BEFORE_DECRYPTION;AUTH_RECEIVE_TIME_BEFORE_DECRYPTION;TEST STRING B;64;432;;16
10.200000000004351;My_Test_ECU_1;AUTH_SEND_TIME_AFTER_ENCRYPTION;AUTH_SEND_TIME_AFTER_ENCRYPTION;TEST STRING B;64;432;;16
10.500000000004636;My_Test_ECU_1;AUTH_SEND_TIME_BEFORE_ENCRYPTION;AUTH_SEND_TIME_BEFORE_ENCRYPTION;TEST STRING B;64;432;;16
10.200339550004065;My_Test_ECU_2;AUTH_RECEIVE_TIME_AFTER_DECRYPTION;AUTH_RECEIVE_TIME_AFTER_DECRYPTION;TEST STRING B;64;432;;16
10.200339550004353;My_Test_ECU_2;AUTH_RECEIVE_TIME_BEFORE_DECRYPTION;AUTH_RECEIVE_TIME_BEFORE_DECRYPTION;TEST STRING B;64;432;;16
10.200339550004065;My_Test_ECU_3;AUTH_RECEIVE_TIME_AFTER_DECRYPTION;AUTH_RECEIVE_TIME_AFTER_DECRYPTION;TEST STRING B;64;432;;16
10.200339550004353;My_Test_ECU_3;AUTH_RECEIVE_TIME_BEFORE_DECRYPTION;AUTH_RECEIVE_TIME_BEFORE_DECRYPTION;TEST STRING B;64;432;;16
10.200510325004066;My_Test_ECU_4;AUTH_RECEIVE_TIME_AFTER_DECRYPTION;AUTH_RECEIVE_TIME_AFTER_DECRYPTION;TEST STRING B;64;432;;16
10.200510325004354;My_Test_ECU_4;AUTH_RECEIVE_TIME_BEFORE_DECRYPTION;AUTH_RECEIVE_TIME_BEFORE_DECRYPTION;TEST STRING B;64;432;;16
10.200510325004066;My_Test_ECU_5;AUTH_RECEIVE_TIME_AFTER_DECRYPTION;AUTH_RECEIVE_TIME_AFTER_DECRYPTION;TEST STRING B;64;432;;16
10.200510325004354;My_Test_ECU_5;AUTH_RECEIVE_TIME_BEFORE_DECRYPTION;AUTH_RECEIVE_TIME_BEFORE_DECRYPTION;TEST STRING B;64;432;;16
10.200510325004066;My_Test_ECU_6;AUTH_RECEIVE_TIME_AFTER_DECRYPTION;AUTH_RECEIVE_TIME_AFTER_DECRYPTION;TEST STRING B;64;432;;16
10.200510325004354;My_Test_ECU_6;AUTH_RECEIVE_TIME_BEFORE_DECRYPTION;AUTH_RECEIVE_TIME_BEFORE_DECRYPTION;TEST STRING B;64;432;;16
10.700000000004636;My_Test_ECU_1;AUTH_SEND_TIME_AFTER_ENCRYPTION;AUTH_SEND_TIME_AFTER_ENCRYPTION;TEST STRING B;64;432;;16
11.000000000005056;My_Test_ECU_1;AUTH_SEND_TIME_BEFORE_ENCRYPTION;AUTH_SEND_TIME_BEFORE_ENCRYPTION;TEST STRING B;64;432;;16
10.700339550004353;My_Test_ECU_2;AUTH_RECEIVE_TIME_AFTER_DECRYPTION;AUTH_RECEIVE_TIME_AFTER_DECRYPTION;TEST STRING B;64;432;;16
10.700339550004637;My_Test_ECU_2;AUTH_RECEIVE_TIME_BEFORE_DECRYPTION;AUTH_RECEIVE_TIME_BEFORE_DECRYPTION;TEST STRING B;64;432;;16
10.700339550004353;My_Test_ECU_3;AUTH_RECEIVE_TIME_AFTER_DECRYPTION;AUTH_RECEIVE_TIME_AFTER_DECRYPTION;TEST STRING B;64;432;;16
10.700339550004637;My_Test_ECU_3;AUTH_RECEIVE_TIME_BEFORE_DECRYPTION;AUTH_RECEIVE_TIME_BEFORE_DECRYPTION;TEST STRING B;64;432;;16
10.700510325004354;My_Test_ECU_4;AUTH_RECEIVE_TIME_AFTER_DECRYPTION;AUTH_RECEIVE_TIME_AFTER_DECRYPTION;TEST STRING B;64;432;;16
10.700510325004638;My_Test_ECU_4;AUTH_RECEIVE_TIME_BEFORE_DECRYPTION;AUTH_RECEIVE_TIME_BEFORE_DECRYPTION;TEST STRING B;64;432;;16
10.700510325004354;My_Test_ECU_5;AUTH_RECEIVE_TIME_AFTER_DECRYPTION;AUTH_RECEIVE_TIME_AFTER_DECRYPTION;TEST STRING B;64;432;;16
10.700510325004638;My_Test_ECU_5;AUTH_RECEIVE_TIME_BEFORE_DECRYPTION;AUTH_RECEIVE_TIME_BEFORE_DECRYPTION;TEST STRING B;64;432;;16
10.700510325004354;My_Test_ECU_6;AUTH_RECEIVE_TIME_AFTER_DECRYPTION;AUTH_RECEIVE_TIME_AFTER_DECRYPTION;TEST STRING B;64;432;;16
10.700510325004638;My_Test_ECU_6;AUTH_RECEIVE_TIME_BEFORE_DECRYPTION;AUTH_RECEIVE_TIME_BEFORE_DECRYPTION;TEST STRING B;64;432;;16
11.200000000005055;My_Test_ECU_1;AUTH_SEND_TIME_AFTER_ENCRYPTION;AUTH_SEND_TIME_AFTER_ENCRYPTION;TEST STRING B;64;432;;16
11.500000000005272;My_Test_ECU_1;AUTH_SEND_TIME_BEFORE_ENCRYPTION;AUTH_SEND_TIME_BEFORE_ENCRYPTION;TEST STRING B;64;432;;16
11.200339550004637;My_Test_ECU_2;AUTH_RECEIVE_TIME_AFTER_DECRYPTION;AUTH_RECEIVE_TIME_AFTER_DECRYPTION;TEST STRING B;64;432;;16
11.200339550005056;My_Test_ECU_2;AUTH_RECEIVE_TIME_BEFORE_DECRYPTION;AUTH_RECEIVE_TIME_BEFORE_DECRYPTION;TEST STRING B;64;432;;16
11.200339550004637;My_Test_ECU_3;AUTH_RECEIVE_TIME_AFTER_DECRYPTION;AUTH_RECEIVE_TIME_AFTER_DECRYPTION;TEST STRING B;64;432;;16
11.200339550005056;My_Test_ECU_3;AUTH_RECEIVE_TIME_BEFORE_DECRYPTION;AUTH_RECEIVE_TIME_BEFORE_DECRYPTION;TEST STRING B;64;432;;16
11.200510325004638;My_Test_ECU_4;AUTH_RECEIVE_TIME_AFTER_DECRYPTION;AUTH_RECEIVE_TIME_AFTER_DECRYPTION;TEST STRING B;64;432;;16
11.200510325005057;My_Test_ECU_4;AUTH_RECEIVE_TIME_BEFORE_DECRYPTION;AUTH_RECEIVE_TIME_BEFORE_DECRYPTION;TEST STRING B;64;432;;16
11.200510325004638;My_Test_ECU_5;AUTH_RECEIVE_TIME_AFTER_DECRYPTION;AUTH_RECEIVE_TIME_AFTER_DECRYPTION;TEST STRING B;64;432;;16
11.200510325005057;My_Test_ECU_5;AUTH_RECEIVE_TIME_BEFORE_DECRYPTION;AUTH_RECEIVE_TIME_BEFORE_DECRYPTION;TEST STRING B;64;432;;16
11.200510325004638;My_Test_ECU_6;AUTH_RECEIVE_TIME_AFTER_DECRYPTION;AUTH_RECEIVE_TIME_AFTER_DECRYPTION;TEST STRING B;64;432;;16
11.200510325005057;My_Test_ECU_6;AUTH_RECEIVE_TIME_BEFORE_DECRYPTION;AUTH_RECEIVE_TIME_BEFORE_DECRYPTION;TEST STRING B;64;432;;16
11.700000000005272;My_Test_ECU_1;AUTH_SEND_TIME_AFTER_ENCRYPTION;AUTH_SEND_TIME_AFTER_ENCRYPTION;TEST STRING B;64;432;;16
11.700339550005056;My_Test_ECU_2;AUTH_RECEIVE_TIME_AFTER_DECRYPTION;AUTH_RECEIVE_TIME_AFTER_DECRYPTION;TEST STRING B;64;432;;16
11.700339550005273;My_Test_ECU_2;AUTH_RECEIVE_TIME_BEFORE_DECRYPTION;AUTH_RECEIVE_TIME_BEFORE_DECRYPTION;TEST STRING B;64;432;;16
11.700339550005056;My_Test_ECU_3;AUTH_RECEIVE_TIME_AFTER_DECRYPTION;AUTH_RECEIVE_TIME_AFTER_DECRYPTION;TEST STRING B;64;432;;16
11.700339550005273;My_Test_ECU_3;AUTH_RECEIVE_TIME_BEFORE_DECRYPTION;AUTH_RECEIVE_TIME_BEFORE_DECRYPTION;TEST STRING B;64;432;;16
11.700510325005057;My_Test_ECU_4;AUTH_RECEIVE_TIME_AFTER_DECRYPTION;AUTH_RECEIVE_TIME_AFTER_DECRYPTION;TEST STRING B;64;432;;16
11.700510325005274;My_Test_ECU_4;AUTH_RECEIVE_TIME_BEFORE_DECRYPTION;AUTH_RECEIVE_TIME_BEFORE_DECRYPTION;TEST STRING B;64;432;;16
11.700510325005057;My_Test_ECU_5;AUTH_RECEIVE_TIME_AFTER_DECRYPTION;AUTH_RECEIVE_TIME_AFTER_DECRYPTION;TEST STRING B;64;432;;16
11.700510325005274;My_Test_ECU_5;AUTH_RECEIVE_TIME_BEFORE_DECRYPTION;AUTH_RECEIVE_TIME_BEFORE_DECRYPTION;TEST STRING B;64;432;;16
11.700510325005057;My_Test_ECU_6;AUTH_RECEIVE_TIME_AFTER_DECRYPTION;AUTH_RECEIVE_TIME_AFTER_DECRYPTION;TEST STRING B;64;432;;16
11.700510325005274;My_Test_ECU_6;AUTH_RECEIVE_TIME_BEFORE_DECRYPTION;AUTH_RECEIVE_TIME_BEFORE_DECRYPTION;TEST STRING B;64;432;;16
12.000000000005512;My_Test_ECU_1;AUTH_SEND_TIME_BEFORE_ENCRYPTION;AUTH_SEND_TIME_BEFORE_ENCRYPTION;TEST STRING B;64;432;;16
12.200000000005511;My_Test_ECU_1;AUTH_SEND_TIME_AFTER_ENCRYPTION;AUTH_SEND_TIME_AFTER_ENCRYPTION;TEST STRING B;64;432;;16
12.200339550005273;My_Test_ECU_2;AUTH_RECEIVE_TIME_AFTER_DECRYPTION;AUTH_RECEIVE_TIME_AFTER_DECRYPTION;TEST STRING B;64;432;;16
12.200339550005513;My_Test_ECU_2;AUTH_RECEIVE_TIME_BEFORE_DECRYPTION;AUTH_RECEIVE_TIME_BEFORE_DECRYPTION;TEST STRING B;64;432;;16
12.200339550005273;My_Test_ECU_3;AUTH_RECEIVE_TIME_AFTER_DECRYPTION;AUTH_RECEIVE_TIME_AFTER_DECRYPTION;TEST STRING B;64;432;;16
12.200339550005513;My_Test_ECU_3;AUTH_RECEIVE_TIME_BEFORE_DECRYPTION;AUTH_RECEIVE_TIME_BEFORE_DECRYPTION;TEST STRING B;64;432;;16
12.200510325005274;My_Test_ECU_4;AUTH_RECEIVE_TIME_AFTER_DECRYPTION;AUTH_RECEIVE_TIME_AFTER_DECRYPTION;TEST STRING B;64;432;;16
12.200510325005514;My_Test_ECU_4;AUTH_RECEIVE_TIME_BEFORE_DECRYPTION;AUTH_RECEIVE_TIME_BEFORE_DECRYPTION;TEST STRING B;64;432;;16
12.200510325005274;My_Test_ECU_5;AUTH_RECEIVE_TIME_AFTER_DECRYPTION;AUTH_RECEIVE_TIME_AFTER_DECRYPTION;TEST STRING B;64;432;;16
12.200510325005514;My_Test_ECU_5;AUTH_RECEIVE_TIME_BEFORE_DECRYPTION;AUTH_RECEIVE_TIME_BEFORE_DECRYPTION;TEST STRING B;64;432;;16
12.200510325005274;My_Test_ECU_6;AUTH_RECEIVE_TIME_AFTER_DECRYPTION;AUTH_RECEIVE_TIME_AFTER_DECRYPTION;TEST STRING B;64;432;;16
12.200510325005514;My_Test_ECU_6;AUTH_RECEIVE_TIME_BEFORE_DECRYPTION;AUTH_RECEIVE_TIME_BEFORE_DECRYPTION;TEST STRING B;64;432;;16
12.500000000005949;My_Test_ECU_1;AUTH_SEND_TIME_BEFORE_ENCRYPTION;AUTH_SEND_TIME_BEFORE_ENCRYPTION;TEST STRING B;64;432;;16
12.700000000005948;My_Test_ECU_1;AUTH_SEND_TIME_AFTER_ENCRYPTION;AUTH_SEND_TIME_AFTER_ENCRYPTION;TEST STRING B;64;432;;16
12.700339550005513;My_Test_ECU_2;AUTH_RECEIVE_TIME_AFTER_DECRYPTION;AUTH_RECEIVE_TIME_AFTER_DECRYPTION;TEST STRING B;64;432;;16
12.70033955000595;My_Test_ECU_2;AUTH_RECEIVE_TIME_BEFORE_DECRYPTION;AUTH_RECEIVE_TIME_BEFORE_DECRYPTION;TEST STRING B;64;432;;16
12.700339550005513;My_Test_ECU_3;AUTH_RECEIVE_TIME_AFTER_DECRYPTION;AUTH_RECEIVE_TIME_AFTER_DECRYPTION;TEST STRING B;64;432;;16
12.70033955000595;My_Test_ECU_3;AUTH_RECEIVE_TIME_BEFORE_DECRYPTION;AUTH_RECEIVE_TIME_BEFORE_DECRYPTION;TEST STRING B;64;432;;16
12.700510325005514;My_Test_ECU_4;AUTH_RECEIVE_TIME_AFTER_DECRYPTION;AUTH_RECEIVE_TIME_AFTER_DECRYPTION;TEST STRING B;64;432;;16
12.70051032500595;My_Test_ECU_4;AUTH_RECEIVE_TIME_BEFORE_DECRYPTION;AUTH_RECEIVE_TIME_BEFORE_DECRYPTION;TEST STRING B;64;432;;16
12.700510325005514;My_Test_ECU_5;AUTH_RECEIVE_TIME_AFTER_DECRYPTION;AUTH_RECEIVE_TIME_AFTER_DECRYPTION;TEST STRING B;64;432;;16
12.70051032500595;My_Test_ECU_5;AUTH_RECEIVE_TIME_BEFORE_DECRYPTION;AUTH_RECEIVE_TIME_BEFORE_DECRYPTION;TEST STRING B;64;432;;16
12.700510325005514;My_Test_ECU_6;AUTH_RECEIVE_TIME_AFTER_DECRYPTION;AUTH_RECEIVE_TIME_AFTER_DECRYPTION;TEST STRING B;64;432;;16
12.70051032500595;My_Test_ECU_6;AUTH_RECEIVE_TIME_BEFORE_DECRYPTION;AUTH_RECEIVE_TIME_BEFORE_DECRYPTION;TEST STRING B;64;432;;16
13.000000000006407;My_Test_ECU_1;AUTH_SEND_TIME_BEFORE_ENCRYPTION;AUTH_SEND_TIME_BEFORE_ENCRYPTION;TEST STRING B;64;432;;16
13.200000000006407;My_Test_ECU_1;AUTH_SEND_TIME_AFTER_ENCRYPTION;AUTH_SEND_TIME_AFTER_ENCRYPTION;TEST STRING B;64;432;;16
13.20033955000595;My_Test_ECU_2;AUTH_RECEIVE_TIME_AFTER_DECRYPTION;AUTH_RECEIVE_TIME_AFTER_DECRYPTION;TEST STRING B;64;432;;16
13.200339550006408;My_Test_ECU_2;AUTH_RECEIVE_TIME_BEFORE_DECRYPTION;AUTH_RECEIVE_TIME_BEFORE_DECRYPTION;TEST STRING B;64;432;;16
13.20033955000595;My_Test_ECU_3;AUTH_RECEIVE_TIME_AFTER_DECRYPTION;AUTH_RECEIVE_TIME_AFTER_DECRYPTION;TEST STRING B;64;432;;16
13.200339550006408;My_Test_ECU_3;AUTH_RECEIVE_TIME_BEFORE_DECRYPTION;AUTH_RECEIVE_TIME_BEFORE_DECRYPTION;TEST STRING B;64;432;;16
13.20051032500595;My_Test_ECU_4;AUTH_RECEIVE_TIME_AFTER_DECRYPTION;AUTH_RECEIVE_TIME_AFTER_DECRYPTION;TEST STRING B;64;432;;16
13.200510325006409;My_Test_ECU_4;AUTH_RECEIVE_TIME_BEFORE_DECRYPTION;AUTH_RECEIVE_TIME_BEFORE_DECRYPTION;TEST STRING B;64;432;;16
13.20051032500595;My_Test_ECU_5;AUTH_RECEIVE_TIME_AFTER_DECRYPTION;AUTH_RECEIVE_TIME_AFTER_DECRYPTION;TEST STRING B;64;432;;16
13.200510325006409;My_Test_ECU_5;AUTH_RECEIVE_TIME_BEFORE_DECRYPTION;AUTH_RECEIVE_TIME_BEFORE_DECRYPTION;TEST STRING B;64;432;;16
13.20051032500595;My_Test_ECU_6;AUTH_RECEIVE_TIME_AFTER_DECRYPTION;AUTH_RECEIVE_TIME_AFTER_DECRYPTION;TEST STRING B;64;432;;16
13.200510325006409;My_Test_ECU_6;AUTH_RECEIVE_TIME_BEFORE_DECRYPTION;AUTH_RECEIVE_TIME_BEFORE_DECRYPTION;TEST STRING B;64;432;;16
13.500000000006665;My_Test_ECU_1;AUTH_SEND_TIME_BEFORE_ENCRYPTION;AUTH_SEND_TIME_BEFORE_ENCRYPTION;TEST STRING B;64;432;;16
13.700000000006664;My_Test_ECU_1;AUTH_SEND_TIME_AFTER_ENCRYPTION;AUTH_SEND_TIME_AFTER_ENCRYPTION;TEST STRING B;64;432;;16
13.700339550006408;My_Test_ECU_2;AUTH_RECEIVE_TIME_AFTER_DECRYPTION;AUTH_RECEIVE_TIME_AFTER_DECRYPTION;TEST STRING B;64;432;;16
13.700339550006666;My_Test_ECU_2;AUTH_RECEIVE_TIME_BEFORE_DECRYPTION;AUTH_RECEIVE_TIME_BEFORE_DECRYPTION;TEST STRING B;64;432;;16
13.700339550006408;My_Test_ECU_3;AUTH_RECEIVE_TIME_AFTER_DECRYPTION;AUTH_RECEIVE_TIME_AFTER_DECRYPTION;TEST STRING B;64;432;;16
13.700339550006666;My_Test_ECU_3;AUTH_RECEIVE_TIME_BEFORE_DECRYPTION;AUTH_RECEIVE_TIME_BEFORE_DECRYPTION;TEST STRING B;64;432;;16
13.700510325006409;My_Test_ECU_4;AUTH_RECEIVE_TIME_AFTER_DECRYPTION;AUTH_RECEIVE_TIME_AFTER_DECRYPTION;TEST STRING B;64;432;;16
13.700510325006666;My_Test_ECU_4;AUTH_RECEIVE_TIME_BEFORE_DECRYPTION;AUTH_RECEIVE_TIME_BEFORE_DECRYPTION;TEST STRING B;64;432;;16
13.700510325006409;My_Test_ECU_5;AUTH_RECEIVE_TIME_AFTER_DECRYPTION;AUTH_RECEIVE_TIME_AFTER_DECRYPTION;TEST STRING B;64;432;;16
13.700510325006666;My_Test_ECU_5;AUTH_RECEIVE_TIME_BEFORE_DECRYPTION;AUTH_RECEIVE_TIME_BEFORE_DECRYPTION;TEST STRING B;64;432;;16
13.700510325006409;My_Test_ECU_6;AUTH_RECEIVE_TIME_AFTER_DECRYPTION;AUTH_RECEIVE_TIME_AFTER_DECRYPTION;TEST STRING B;64;432;;16
13.700510325006666;My_Test_ECU_6;AUTH_RECEIVE_TIME_BEFORE_DECRYPTION;AUTH_RECEIVE_TIME_BEFORE_DECRYPTION;TEST STRING B;64;432;;16
14.000000000006779;My_Test_ECU_1;AUTH_SEND_TIME_BEFORE_ENCRYPTION;AUTH_SEND_TIME_BEFORE_ENCRYPTION;TEST STRING B;64;432;;16
14.200000000006778;My_Test_ECU_1;AUTH_SEND_TIME_AFTER_ENCRYPTION;AUTH_SEND_TIME_AFTER_ENCRYPTION;TEST STRING B;64;432;;16
14.200339550006666;My_Test_ECU_2;AUTH_RECEIVE_TIME_AFTER_DECRYPTION;AUTH_RECEIVE_TIME_AFTER_DECRYPTION;TEST STRING B;64;432;;16
14.20033955000678;My_Test_ECU_2;AUTH_RECEIVE_TIME_BEFORE_DECRYPTION;AUTH_RECEIVE_TIME_BEFORE_DECRYPTION;TEST STRING B;64;432;;16
14.200339550006666;My_Test_ECU_3;AUTH_RECEIVE_TIME_AFTER_DECRYPTION;AUTH_RECEIVE_TIME_AFTER_DECRYPTION;TEST STRING B;64;432;;16
14.20033955000678;My_Test_ECU_3;AUTH_RECEIVE_TIME_BEFORE_DECRYPTION;AUTH_RECEIVE_TIME_BEFORE_DECRYPTION;TEST STRING B;64;432;;16
14.200510325006666;My_Test_ECU_4;AUTH_RECEIVE_TIME_AFTER_DECRYPTION;AUTH_RECEIVE_TIME_AFTER_DECRYPTION;TEST STRING B;64;432;;16
14.20051032500678;My_Test_ECU_4;AUTH_RECEIVE_TIME_BEFORE_DECRYPTION;AUTH_RECEIVE_TIME_BEFORE_DECRYPTION;TEST STRING B;64;432;;16
14.200510325006666;My_Test_ECU_5;AUTH_RECEIVE_TIME_AFTER_DECRYPTION;AUTH_RECEIVE_TIME_AFTER_DECRYPTION;TEST STRING B;64;432;;16
14.20051032500678;My_Test_ECU_5;AUTH_RECEIVE_TIME_BEFORE_DECRYPTION;AUTH_RECEIVE_TIME_BEFORE_DECRYPTION;TEST STRING B;64;432;;16
14.200510325006666;My_Test_ECU_6;AUTH_RECEIVE_TIME_AFTER_DECRYPTION;AUTH_RECEIVE_TIME_AFTER_DECRYPTION;TEST STRING B;64;432;;16
14.20051032500678;My_Test_ECU_6;AUTH_RECEIVE_TIME_BEFORE_DECRYPTION;AUTH_RECEIVE_TIME_BEFORE_DECRYPTION;TEST STRING B;64;432;;16
14.50000000000699;My_Test_ECU_1;AUTH_SEND_TIME_BEFORE_ENCRYPTION;AUTH_SEND_TIME_BEFORE_ENCRYPTION;TEST STRING B;64;432;;16
14.70000000000699;My_Test_ECU_1;AUTH_SEND_TIME_AFTER_ENCRYPTION;AUTH_SEND_TIME_AFTER_ENCRYPTION;TEST STRING B;64;432;;16
14.70033955000678;My_Test_ECU_2;AUTH_RECEIVE_TIME_AFTER_DECRYPTION;AUTH_RECEIVE_TIME_AFTER_DECRYPTION;TEST STRING B;64;432;;16
14.70033955000699;My_Test_ECU_2;AUTH_RECEIVE_TIME_BEFORE_DECRYPTION;AUTH_RECEIVE_TIME_BEFORE_DECRYPTION;TEST STRING B;64;432;;16
14.70033955000678;My_Test_ECU_3;AUTH_RECEIVE_TIME_AFTER_DECRYPTION;AUTH_RECEIVE_TIME_AFTER_DECRYPTION;TEST STRING B;64;432;;16
14.70033955000699;My_Test_ECU_3;AUTH_RECEIVE_TIME_BEFORE_DECRYPTION;AUTH_RECEIVE_TIME_BEFORE_DECRYPTION;TEST STRING B;64;432;;16
14.70051032500678;My_Test_ECU_4;AUTH_RECEIVE_TIME_AFTER_DECRYPTION;AUTH_RECEIVE_TIME_AFTER_DECRYPTION;TEST STRING B;64;432;;16
14.700510325006992;My_Test_ECU_4;AUTH_RECEIVE_TIME_BEFORE_DECRYPTION;AUTH_RECEIVE_TIME_BEFORE_DECRYPTION;TEST STRING B;64;432;;16
14.70051032500678;My_Test_ECU_5;AUTH_RECEIVE_TIME_AFTER_DECRYPTION;AUTH_RECEIVE_TIME_AFTER_DECRYPTION;TEST STRING B;64;432;;16
14.700510325006992;My_Test_ECU_5;AUTH_RECEIVE_TIME_BEFORE_DECRYPTION;AUTH_RECEIVE_TIME_BEFORE_DECRYPTION;TEST STRING B;64;432;;16
14.70051032500678;My_Test_ECU_6;AUTH_RECEIVE_TIME_AFTER_DECRYPTION;AUTH_RECEIVE_TIME_AFTER_DECRYPTION;TEST STRING B;64;432;;16
14.700510325006992;My_Test_ECU_6;AUTH_RECEIVE_TIME_BEFORE_DECRYPTION;AUTH_RECEIVE_TIME_BEFORE_DECRYPTION;TEST STRING B;64;432;;16
15.000000000007486;My_Test_ECU_1;AUTH_SEND_TIME_BEFORE_ENCRYPTION;AUTH_SEND_TIME_BEFORE_ENCRYPTION;TEST STRING B;64;432;;16
15.200000000007485;My_Test_ECU_1;AUTH_SEND_TIME_AFTER_ENCRYPTION;AUTH_SEND_TIME_AFTER_ENCRYPTION;TEST STRING B;64;432;;16
15.20033955000699;My_Test_ECU_2;AUTH_RECEIVE_TIME_AFTER_DECRYPTION;AUTH_RECEIVE_TIME_AFTER_DECRYPTION;TEST STRING B;64;432;;16
15.200339550007486;My_Test_ECU_2;AUTH_RECEIVE_TIME_BEFORE_DECRYPTION;AUTH_RECEIVE_TIME_BEFORE_DECRYPTION;TEST STRING B;64;432;;16
15.20033955000699;My_Test_ECU_3;AUTH_RECEIVE_TIME_AFTER_DECRYPTION;AUTH_RECEIVE_TIME_AFTER_DECRYPTION;TEST STRING B;64;432;;16
15.200339550007486;My_Test_ECU_3;AUTH_RECEIVE_TIME_BEFORE_DECRYPTION;AUTH_RECEIVE_TIME_BEFORE_DECRYPTION;TEST STRING B;64;432;;16
15.200510325006992;My_Test_ECU_4;AUTH_RECEIVE_TIME_AFTER_DECRYPTION;AUTH_RECEIVE_TIME_AFTER_DECRYPTION;TEST STRING B;64;432;;16
15.200510325007487;My_Test_ECU_4;AUTH_RECEIVE_TIME_BEFORE_DECRYPTION;AUTH_RECEIVE_TIME_BEFORE_DECRYPTION;TEST STRING B;64;432;;16
15.200510325006992;My_Test_ECU_5;AUTH_RECEIVE_TIME_AFTER_DECRYPTION;AUTH_RECEIVE_TIME_AFTER_DECRYPTION;TEST STRING B;64;432;;16
15.200510325007487;My_Test_ECU_5;AUTH_RECEIVE_TIME_BEFORE_DECRYPTION;AUTH_RECEIVE_TIME_BEFORE_DECRYPTION;TEST STRING B;64;432;;16
15.200510325006992;My_Test_ECU_6;AUTH_RECEIVE_TIME_AFTER_DECRYPTION;AUTH_RECEIVE_TIME_AFTER_DECRYPTION;TEST STRING B;64;432;;16
15.200510325007487;My_Test_ECU_6;AUTH_RECEIVE_TIME_BEFORE_DECRYPTION;AUTH_RECEIVE_TIME_BEFORE_DECRYPTION;TEST STRING B;64;432;;16
15.500000000007798;My_Test_ECU_1;AUTH_SEND_TIME_BEFORE_ENCRYPTION;AUTH_SEND_TIME_BEFORE_ENCRYPTION;TEST STRING B;64;432;;16
15.700000000007797;My_Test_ECU_1;AUTH_SEND_TIME_AFTER_ENCRYPTION;AUTH_SEND_TIME_AFTER_ENCRYPTION;TEST STRING B;64;432;;16
15.700339550007486;My_Test_ECU_2;AUTH_RECEIVE_TIME_AFTER_DECRYPTION;AUTH_RECEIVE_TIME_AFTER_DECRYPTION;TEST STRING B;64;432;;16
15.700339550007799;My_Test_ECU_2;AUTH_RECEIVE_TIME_BEFORE_DECRYPTION;AUTH_RECEIVE_TIME_BEFORE_DECRYPTION;TEST STRING B;64;432;;16
15.700339550007486;My_Test_ECU_3;AUTH_RECEIVE_TIME_AFTER_DECRYPTION;AUTH_RECEIVE_TIME_AFTER_DECRYPTION;TEST STRING B;64;432;;16
15.700339550007799;My_Test_ECU_3;AUTH_RECEIVE_TIME_BEFORE_DECRYPTION;AUTH_RECEIVE_TIME_BEFORE_DECRYPTION;TEST STRING B;64;432;;16
15.700510325007487;My_Test_ECU_4;AUTH_RECEIVE_TIME_AFTER_DECRYPTION;AUTH_RECEIVE_TIME_AFTER_DECRYPTION;TEST STRING B;64;432;;16
15.7005103250078;My_Test_ECU_4;AUTH_RECEIVE_TIME_BEFORE_DECRYPTION;AUTH_RECEIVE_TIME_BEFORE_DECRYPTION;TEST STRING B;64;432;;16
15.700510325007487;My_Test_ECU_5;AUTH_RECEIVE_TIME_AFTER_DECRYPTION;AUTH_RECEIVE_TIME_AFTER_DECRYPTION;TEST STRING B;64;432;;16
15.7005103250078;My_Test_ECU_5;AUTH_RECEIVE_TIME_BEFORE_DECRYPTION;AUTH_RECEIVE_TIME_BEFORE_DECRYPTION;TEST STRING B;64;432;;16
15.700510325007487;My_Test_ECU_6;AUTH_RECEIVE_TIME_AFTER_DECRYPTION;AUTH_RECEIVE_TIME_AFTER_DECRYPTION;TEST STRING B;64;432;;16
15.7005103250078;My_Test_ECU_6;AUTH_RECEIVE_TIME_BEFORE_DECRYPTION;AUTH_RECEIVE_TIME_BEFORE_DECRYPTION;TEST STRING B;64;432;;16
16.000000000008182;My_Test_ECU_1;AUTH_SEND_TIME_BEFORE_ENCRYPTION;AUTH_SEND_TIME_BEFORE_ENCRYPTION;TEST STRING B;64;432;;16
16.20000000000818;My_Test_ECU_1;AUTH_SEND_TIME_AFTER_ENCRYPTION;AUTH_SEND_TIME_AFTER_ENCRYPTION;TEST STRING B;64;432;;16
16.200339550007797;My_Test_ECU_2;AUTH_RECEIVE_TIME_AFTER_DECRYPTION;AUTH_RECEIVE_TIME_AFTER_DECRYPTION;TEST STRING B;64;432;;16
16.200339550008177;My_Test_ECU_2;AUTH_RECEIVE_TIME_BEFORE_DECRYPTION;AUTH_RECEIVE_TIME_BEFORE_DECRYPTION;TEST STRING B;64;432;;16
16.200339550007797;My_Test_ECU_3;AUTH_RECEIVE_TIME_AFTER_DECRYPTION;AUTH_RECEIVE_TIME_AFTER_DECRYPTION;TEST STRING B;64;432;;16
16.200339550008177;My_Test_ECU_3;AUTH_RECEIVE_TIME_BEFORE_DECRYPTION;AUTH_RECEIVE_TIME_BEFORE_DECRYPTION;TEST STRING B;64;432;;16
16.200510325007798;My_Test_ECU_4;AUTH_RECEIVE_TIME_AFTER_DECRYPTION;AUTH_RECEIVE_TIME_AFTER_DECRYPTION;TEST STRING B;64;432;;16
16.200510325008175;My_Test_ECU_4;AUTH_RECEIVE_TIME_BEFORE_DECRYPTION;AUTH_RECEIVE_TIME_BEFORE_DECRYPTION;TEST STRING B;64;432;;16
16.200510325007798;My_Test_ECU_5;AUTH_RECEIVE_TIME_AFTER_DECRYPTION;AUTH_RECEIVE_TIME_AFTER_DECRYPTION;TEST STRING B;64;432;;16
16.200510325008175;My_Test_ECU_5;AUTH_RECEIVE_TIME_BEFORE_DECRYPTION;AUTH_RECEIVE_TIME_BEFORE_DECRYPTION;TEST STRING B;64;432;;16
16.200510325007798;My_Test_ECU_6;AUTH_RECEIVE_TIME_AFTER_DECRYPTION;AUTH_RECEIVE_TIME_AFTER_DECRYPTION;TEST STRING B;64;432;;16
16.200510325008175;My_Test_ECU_6;AUTH_RECEIVE_TIME_BEFORE_DECRYPTION;AUTH_RECEIVE_TIME_BEFORE_DECRYPTION;TEST STRING B;64;432;;16
16.50000000000828;My_Test_ECU_1;AUTH_SEND_TIME_BEFORE_ENCRYPTION;AUTH_SEND_TIME_BEFORE_ENCRYPTION;TEST STRING B;64;432;;16
16.70000000000828;My_Test_ECU_1;AUTH_SEND_TIME_AFTER_ENCRYPTION;AUTH_SEND_TIME_AFTER_ENCRYPTION;TEST STRING B;64;432;;16
16.700339550008177;My_Test_ECU_2;AUTH_RECEIVE_TIME_AFTER_DECRYPTION;AUTH_RECEIVE_TIME_AFTER_DECRYPTION;TEST STRING B;64;432;;16
16.700339550008277;My_Test_ECU_2;AUTH_RECEIVE_TIME_BEFORE_DECRYPTION;AUTH_RECEIVE_TIME_BEFORE_DECRYPTION;TEST STRING B;64;432;;16
16.700339550008177;My_Test_ECU_3;AUTH_RECEIVE_TIME_AFTER_DECRYPTION;AUTH_RECEIVE_TIME_AFTER_DECRYPTION;TEST STRING B;64;432;;16
16.700339550008277;My_Test_ECU_3;AUTH_RECEIVE_TIME_BEFORE_DECRYPTION;AUTH_RECEIVE_TIME_BEFORE_DECRYPTION;TEST STRING B;64;432;;16
16.700510325008175;My_Test_ECU_4;AUTH_RECEIVE_TIME_AFTER_DECRYPTION;AUTH_RECEIVE_TIME_AFTER_DECRYPTION;TEST STRING B;64;432;;16
16.700510325008274;My_Test_ECU_4;AUTH_RECEIVE_TIME_BEFORE_DECRYPTION;AUTH_RECEIVE_TIME_BEFORE_DECRYPTION;TEST STRING B;64;432;;16
16.700510325008175;My_Test_ECU_5;AUTH_RECEIVE_TIME_AFTER_DECRYPTION;AUTH_RECEIVE_TIME_AFTER_DECRYPTION;TEST STRING B;64;432;;16
16.700510325008274;My_Test_ECU_5;AUTH_RECEIVE_TIME_BEFORE_DECRYPTION;AUTH_RECEIVE_TIME_BEFORE_DECRYPTION;TEST STRING B;64;432;;16
16.700510325008175;My_Test_ECU_6;AUTH_RECEIVE_TIME_AFTER_DECRYPTION;AUTH_RECEIVE_TIME_AFTER_DECRYPTION;TEST STRING B;64;432;;16
16.700510325008274;My_Test_ECU_6;AUTH_RECEIVE_TIME_BEFORE_DECRYPTION;AUTH_RECEIVE_TIME_BEFORE_DECRYPTION;TEST STRING B;64;432;;16
17.00000000000875;My_Test_ECU_1;AUTH_SEND_TIME_BEFORE_ENCRYPTION;AUTH_SEND_TIME_BEFORE_ENCRYPTION;TEST STRING B;64;432;;16
17.20000000000875;My_Test_ECU_1;AUTH_SEND_TIME_AFTER_ENCRYPTION;AUTH_SEND_TIME_AFTER_ENCRYPTION;TEST STRING B;64;432;;16
17.200339550008277;My_Test_ECU_2;AUTH_RECEIVE_TIME_AFTER_DECRYPTION;AUTH_RECEIVE_TIME_AFTER_DECRYPTION;TEST STRING B;64;432;;16
17.200339550008746;My_Test_ECU_2;AUTH_RECEIVE_TIME_BEFORE_DECRYPTION;AUTH_RECEIVE_TIME_BEFORE_DECRYPTION;TEST STRING B;64;432;;16
17.200339550008277;My_Test_ECU_3;AUTH_RECEIVE_TIME_AFTER_DECRYPTION;AUTH_RECEIVE_TIME_AFTER_DECRYPTION;TEST STRING B;64;432;;16
17.200339550008746;My_Test_ECU_3;AUTH_RECEIVE_TIME_BEFORE_DECRYPTION;AUTH_RECEIVE_TIME_BEFORE_DECRYPTION;TEST STRING B;64;432;;16
17.200510325008274;My_Test_ECU_4;AUTH_RECEIVE_TIME_AFTER_DECRYPTION;AUTH_RECEIVE_TIME_AFTER_DECRYPTION;TEST STRING B;64;432;;16
17.200510325008743;My_Test_ECU_4;AUTH_RECEIVE_TIME_BEFORE_DECRYPTION;AUTH_RECEIVE_TIME_BEFORE_DECRYPTION;TEST STRING B;64;432;;16
17.200510325008274;My_Test_ECU_5;AUTH_RECEIVE_TIME_AFTER_DECRYPTION;AUTH_RECEIVE_TIME_AFTER_DECRYPTION;TEST STRING B;64;432;;16
17.200510325008743;My_Test_ECU_5;AUTH_RECEIVE_TIME_BEFORE_DECRYPTION;AUTH_RECEIVE_TIME_BEFORE_DECRYPTION;TEST STRING B;64;432;;16
17.200510325008274;My_Test_ECU_6;AUTH_RECEIVE_TIME_AFTER_DECRYPTION;AUTH_RECEIVE_TIME_AFTER_DECRYPTION;TEST STRING B;64;432;;16
17.200510325008743;My_Test_ECU_6;AUTH_RECEIVE_TIME_BEFORE_DECRYPTION;AUTH_RECEIVE_TIME_BEFORE_DECRYPTION;TEST STRING B;64;432;;16
17.500000000008974;My_Test_ECU_1;AUTH_SEND_TIME_BEFORE_ENCRYPTION;AUTH_SEND_TIME_BEFORE_ENCRYPTION;TEST STRING B;64;432;;16
17.700000000008973;My_Test_ECU_1;AUTH_SEND_TIME_AFTER_ENCRYPTION;AUTH_SEND_TIME_AFTER_ENCRYPTION;TEST STRING B;64;432;;16
17.700339550008746;My_Test_ECU_2;AUTH_RECEIVE_TIME_AFTER_DECRYPTION;AUTH_RECEIVE_TIME_AFTER_DECRYPTION;TEST STRING B;64;432;;16
17.70033955000897;My_Test_ECU_2;AUTH_RECEIVE_TIME_BEFORE_DECRYPTION;AUTH_RECEIVE_TIME_BEFORE_DECRYPTION;TEST STRING B;64;432;;16
17.700339550008746;My_Test_ECU_3;AUTH_RECEIVE_TIME_AFTER_DECRYPTION;AUTH_RECEIVE_TIME_AFTER_DECRYPTION;TEST STRING B;64;432;;16
17.70033955000897;My_Test_ECU_3;AUTH_RECEIVE_TIME_BEFORE_DECRYPTION;AUTH_RECEIVE_TIME_BEFORE_DECRYPTION;TEST STRING B;64;432;;16
17.700510325008743;My_Test_ECU_4;AUTH_RECEIVE_TIME_AFTER_DECRYPTION;AUTH_RECEIVE_TIME_AFTER_DECRYPTION;TEST STRING B;64;432;;16
17.700510325008967;My_Test_ECU_4;AUTH_RECEIVE_TIME_BEFORE_DECRYPTION;AUTH_RECEIVE_TIME_BEFORE_DECRYPTION;TEST STRING B;64;432;;16
17.700510325008743;My_Test_ECU_5;AUTH_RECEIVE_TIME_AFTER_DECRYPTION;AUTH_RECEIVE_TIME_AFTER_DECRYPTION;TEST STRING B;64;432;;16
17.700510325008967;My_Test_ECU_5;AUTH_RECEIVE_TIME_BEFORE_DECRYPTION;AUTH_RECEIVE_TIME_BEFORE_DECRYPTION;TEST STRING B;64;432;;16
17.700510325008743;My_Test_ECU_6;AUTH_RECEIVE_TIME_AFTER_DECRYPTION;AUTH_RECEIVE_TIME_AFTER_DECRYPTION;TEST STRING B;64;432;;16
17.700510325008967;My_Test_ECU_6;AUTH_RECEIVE_TIME_BEFORE_DECRYPTION;AUTH_RECEIVE_TIME_BEFORE_DECRYPTION;TEST STRING B;64;432;;16
18.00000000000916;My_Test_ECU_1;AUTH_SEND_TIME_BEFORE_ENCRYPTION;AUTH_SEND_TIME_BEFORE_ENCRYPTION;TEST STRING B;64;432;;16
18.200000000009158;My_Test_ECU_1;AUTH_SEND_TIME_AFTER_ENCRYPTION;AUTH_SEND_TIME_AFTER_ENCRYPTION;TEST STRING B;64;432;;16
18.20033955000897;My_Test_ECU_2;AUTH_RECEIVE_TIME_AFTER_DECRYPTION;AUTH_RECEIVE_TIME_AFTER_DECRYPTION;TEST STRING B;64;432;;16
18.200339550009154;My_Test_ECU_2;AUTH_RECEIVE_TIME_BEFORE_DECRYPTION;AUTH_RECEIVE_TIME_BEFORE_DECRYPTION;TEST STRING B;64;432;;16
18.20033955000897;My_Test_ECU_3;AUTH_RECEIVE_TIME_AFTER_DECRYPTION;AUTH_RECEIVE_TIME_AFTER_DECRYPTION;TEST STRING B;64;432;;16
18.200339550009154;My_Test_ECU_3;AUTH_RECEIVE_TIME_BEFORE_DECRYPTION;AUTH_RECEIVE_TIME_BEFORE_DECRYPTION;TEST STRING B;64;432;;16
18.200510325008967;My_Test_ECU_4;AUTH_RECEIVE_TIME_AFTER_DECRYPTION;AUTH_RECEIVE_TIME_AFTER_DECRYPTION;TEST STRING B;64;432;;16
18.20051032500915;My_Test_ECU_4;AUTH_RECEIVE_TIME_BEFORE_DECRYPTION;AUTH_RECEIVE_TIME_BEFORE_DECRYPTION;TEST STRING B;64;432;;16
18.200510325008967;My_Test_ECU_5;AUTH_RECEIVE_TIME_AFTER_DECRYPTION;AUTH_RECEIVE_TIME_AFTER_DECRYPTION;TEST STRING B;64;432;;16
18.20051032500915;My_Test_ECU_5;AUTH_RECEIVE_TIME_BEFORE_DECRYPTION;AUTH_RECEIVE_TIME_BEFORE_DECRYPTION;TEST STRING B;64;432;;16
18.200510325008967;My_Test_ECU_6;AUTH_RECEIVE_TIME_AFTER_DECRYPTION;AUTH_RECEIVE_TIME_AFTER_DECRYPTION;TEST STRING B;64;432;;16
18.20051032500915;My_Test_ECU_6;AUTH_RECEIVE_TIME_BEFORE_DECRYPTION;AUTH_RECEIVE_TIME_BEFORE_DECRYPTION;TEST STRING B;64;432;;16
18.50000000000916;My_Test_ECU_1;AUTH_SEND_TIME_BEFORE_ENCRYPTION;AUTH_SEND_TIME_BEFORE_ENCRYPTION;TEST STRING B;64;432;;16
18.700000000009158;My_Test_ECU_1;AUTH_SEND_TIME_AFTER_ENCRYPTION;AUTH_SEND_TIME_AFTER_ENCRYPTION;TEST STRING B;64;432;;16
18.700339550009154;My_Test_ECU_2;AUTH_RECEIVE_TIME_AFTER_DECRYPTION;AUTH_RECEIVE_TIME_AFTER_DECRYPTION;TEST STRING B;64;432;;16
18.700339550009154;My_Test_ECU_2;AUTH_RECEIVE_TIME_BEFORE_DECRYPTION;AUTH_RECEIVE_TIME_BEFORE_DECRYPTION;TEST STRING B;64;432;;16
18.700339550009154;My_Test_ECU_3;AUTH_RECEIVE_TIME_AFTER_DECRYPTION;AUTH_RECEIVE_TIME_AFTER_DECRYPTION;TEST STRING B;64;432;;16
18.700339550009154;My_Test_ECU_3;AUTH_RECEIVE_TIME_BEFORE_DECRYPTION;AUTH_RECEIVE_TIME_BEFORE_DECRYPTION;TEST STRING B;64;432;;16
18.70051032500915;My_Test_ECU_4;AUTH_RECEIVE_TIME_AFTER_DECRYPTION;AUTH_RECEIVE_TIME_AFTER_DECRYPTION;TEST STRING B;64;432;;16
18.70051032500915;My_Test_ECU_4;AUTH_RECEIVE_TIME_BEFORE_DECRYPTION;AUTH_RECEIVE_TIME_BEFORE_DECRYPTION;TEST STRING B;64;432;;16
18.70051032500915;My_Test_ECU_5;AUTH_RECEIVE_TIME_AFTER_DECRYPTION;AUTH_RECEIVE_TIME_AFTER_DECRYPTION;TEST STRING B;64;432;;16
18.70051032500915;My_Test_ECU_5;AUTH_RECEIVE_TIME_BEFORE_DECRYPTION;AUTH_RECEIVE_TIME_BEFORE_DECRYPTION;TEST STRING B;64;432;;16
18.70051032500915;My_Test_ECU_6;AUTH_RECEIVE_TIME_AFTER_DECRYPTION;AUTH_RECEIVE_TIME_AFTER_DECRYPTION;TEST STRING B;64;432;;16
18.70051032500915;My_Test_ECU_6;AUTH_RECEIVE_TIME_BEFORE_DECRYPTION;AUTH_RECEIVE_TIME_BEFORE_DECRYPTION;TEST STRING B;64;432;;16
19.000000000009642;My_Test_ECU_1;AUTH_SEND_TIME_BEFORE_ENCRYPTION;AUTH_SEND_TIME_BEFORE_ENCRYPTION;TEST STRING B;64;432;;16
19.20000000000964;My_Test_ECU_1;AUTH_SEND_TIME_AFTER_ENCRYPTION;AUTH_SEND_TIME_AFTER_ENCRYPTION;TEST STRING B;64;432;;16
19.50000000001004;My_Test_ECU_1;AUTH_SEND_TIME_BEFORE_ENCRYPTION;AUTH_SEND_TIME_BEFORE_ENCRYPTION;TEST STRING B;64;432;;16
19.200339550009154;My_Test_ECU_2;AUTH_RECEIVE_TIME_AFTER_DECRYPTION;AUTH_RECEIVE_TIME_AFTER_DECRYPTION;TEST STRING B;64;432;;16
19.200339550009637;My_Test_ECU_2;AUTH_RECEIVE_TIME_BEFORE_DECRYPTION;AUTH_RECEIVE_TIME_BEFORE_DECRYPTION;TEST STRING B;64;432;;16
19.200339550009154;My_Test_ECU_3;AUTH_RECEIVE_TIME_AFTER_DECRYPTION;AUTH_RECEIVE_TIME_AFTER_DECRYPTION;TEST STRING B;64;432;;16
19.200339550009637;My_Test_ECU_3;AUTH_RECEIVE_TIME_BEFORE_DECRYPTION;AUTH_RECEIVE_TIME_BEFORE_DECRYPTION;TEST STRING B;64;432;;16
19.20051032500915;My_Test_ECU_4;AUTH_RECEIVE_TIME_AFTER_DECRYPTION;AUTH_RECEIVE_TIME_AFTER_DECRYPTION;TEST STRING B;64;432;;16
19.200510325009635;My_Test_ECU_4;AUTH_RECEIVE_TIME_BEFORE_DECRYPTION;AUTH_RECEIVE_TIME_BEFORE_DECRYPTION;TEST STRING B;64;432;;16
19.20051032500915;My_Test_ECU_5;AUTH_RECEIVE_TIME_AFTER_DECRYPTION;AUTH_RECEIVE_TIME_AFTER_DECRYPTION;TEST STRING B;64;432;;16
19.200510325009635;My_Test_ECU_5;AUTH_RECEIVE_TIME_BEFORE_DECRYPTION;AUTH_RECEIVE_TIME_BEFORE_DECRYPTION;TEST STRING B;64;432;;16
19.20051032500915;My_Test_ECU_6;AUTH_RECEIVE_TIME_AFTER_DECRYPTION;AUTH_RECEIVE_TIME_AFTER_DECRYPTION;TEST STRING B;64;432;;16
19.200510325009635;My_Test_ECU_6;AUTH_RECEIVE_TIME_BEFORE_DECRYPTION;AUTH_RECEIVE_TIME_BEFORE_DECRYPTION;TEST STRING B;64;432;;16
19.70000000001004;My_Test_ECU_1;AUTH_SEND_TIME_AFTER_ENCRYPTION;AUTH_SEND_TIME_AFTER_ENCRYPTION;TEST STRING B;64;432;;16
20.000000000010452;My_Test_ECU_1;AUTH_SEND_TIME_BEFORE_ENCRYPTION;AUTH_SEND_TIME_BEFORE_ENCRYPTION;TEST STRING B;64;432;;16
19.700339550009637;My_Test_ECU_2;AUTH_RECEIVE_TIME_AFTER_DECRYPTION;AUTH_RECEIVE_TIME_AFTER_DECRYPTION;TEST STRING B;64;432;;16
19.700339550010035;My_Test_ECU_2;AUTH_RECEIVE_TIME_BEFORE_DECRYPTION;AUTH_RECEIVE_TIME_BEFORE_DECRYPTION;TEST STRING B;64;432;;16
19.700339550009637;My_Test_ECU_3;AUTH_RECEIVE_TIME_AFTER_DECRYPTION;AUTH_RECEIVE_TIME_AFTER_DECRYPTION;TEST STRING B;64;432;;16
19.700339550010035;My_Test_ECU_3;AUTH_RECEIVE_TIME_BEFORE_DECRYPTION;AUTH_RECEIVE_TIME_BEFORE_DECRYPTION;TEST STRING B;64;432;;16
19.700510325009635;My_Test_ECU_4;AUTH_RECEIVE_TIME_AFTER_DECRYPTION;AUTH_RECEIVE_TIME_AFTER_DECRYPTION;TEST STRING B;64;432;;16
19.700510325010033;My_Test_ECU_4;AUTH_RECEIVE_TIME_BEFORE_DECRYPTION;AUTH_RECEIVE_TIME_BEFORE_DECRYPTION;TEST STRING B;64;432;;16
19.700510325009635;My_Test_ECU_5;AUTH_RECEIVE_TIME_AFTER_DECRYPTION;AUTH_RECEIVE_TIME_AFTER_DECRYPTION;TEST STRING B;64;432;;16
19.700510325010033;My_Test_ECU_5;AUTH_RECEIVE_TIME_BEFORE_DECRYPTION;AUTH_RECEIVE_TIME_BEFORE_DECRYPTION;TEST STRING B;64;432;;16
19.700510325009635;My_Test_ECU_6;AUTH_RECEIVE_TIME_AFTER_DECRYPTION;AUTH_RECEIVE_TIME_AFTER_DECRYPTION;TEST STRING B;64;432;;16
19.700510325010033;My_Test_ECU_6;AUTH_RECEIVE_TIME_BEFORE_DECRYPTION;AUTH_RECEIVE_TIME_BEFORE_DECRYPTION;TEST STRING B;64;432;;16
20.20000000001045;My_Test_ECU_1;AUTH_SEND_TIME_AFTER_ENCRYPTION;AUTH_SEND_TIME_AFTER_ENCRYPTION;TEST STRING B;64;432;;16
20.5000000000105;My_Test_ECU_1;AUTH_SEND_TIME_BEFORE_ENCRYPTION;AUTH_SEND_TIME_BEFORE_ENCRYPTION;TEST STRING B;64;432;;16
20.200339550010035;My_Test_ECU_2;AUTH_RECEIVE_TIME_AFTER_DECRYPTION;AUTH_RECEIVE_TIME_AFTER_DECRYPTION;TEST STRING B;64;432;;16
20.200339550010447;My_Test_ECU_2;AUTH_RECEIVE_TIME_BEFORE_DECRYPTION;AUTH_RECEIVE_TIME_BEFORE_DECRYPTION;TEST STRING B;64;432;;16
20.200339550010035;My_Test_ECU_3;AUTH_RECEIVE_TIME_AFTER_DECRYPTION;AUTH_RECEIVE_TIME_AFTER_DECRYPTION;TEST STRING B;64;432;;16
20.200339550010447;My_Test_ECU_3;AUTH_RECEIVE_TIME_BEFORE_DECRYPTION;AUTH_RECEIVE_TIME_BEFORE_DECRYPTION;TEST STRING B;64;432;;16
20.200510325010033;My_Test_ECU_4;AUTH_RECEIVE_TIME_AFTER_DECRYPTION;AUTH_RECEIVE_TIME_AFTER_DECRYPTION;TEST STRING B;64;432;;16
20.200510325010445;My_Test_ECU_4;AUTH_RECEIVE_TIME_BEFORE_DECRYPTION;AUTH_RECEIVE_TIME_BEFORE_DECRYPTION;TEST STRING B;64;432;;16
20.200510325010033;My_Test_ECU_5;AUTH_RECEIVE_TIME_AFTER_DECRYPTION;AUTH_RECEIVE_TIME_AFTER_DECRYPTION;TEST STRING B;64;432;;16
20.200510325010445;My_Test_ECU_5;AUTH_RECEIVE_TIME_BEFORE_DECRYPTION;AUTH_RECEIVE_TIME_BEFORE_DECRYPTION;TEST STRING B;64;432;;16
20.200510325010033;My_Test_ECU_6;AUTH_RECEIVE_TIME_AFTER_DECRYPTION;AUTH_RECEIVE_TIME_AFTER_DECRYPTION;TEST STRING B;64;432;;16
20.200510325010445;My_Test_ECU_6;AUTH_RECEIVE_TIME_BEFORE_DECRYPTION;AUTH_RECEIVE_TIME_BEFORE_DECRYPTION;TEST STRING B;64;432;;16
20.700000000010498;My_Test_ECU_1;AUTH_SEND_TIME_AFTER_ENCRYPTION;AUTH_SEND_TIME_AFTER_ENCRYPTION;TEST STRING B;64;432;;16
21.00000000001067;My_Test_ECU_1;AUTH_SEND_TIME_BEFORE_ENCRYPTION;AUTH_SEND_TIME_BEFORE_ENCRYPTION;TEST STRING B;64;432;;16
20.700339550010447;My_Test_ECU_2;AUTH_RECEIVE_TIME_AFTER_DECRYPTION;AUTH_RECEIVE_TIME_AFTER_DECRYPTION;TEST STRING B;64;432;;16
20.700339550010494;My_Test_ECU_2;AUTH_RECEIVE_TIME_BEFORE_DECRYPTION;AUTH_RECEIVE_TIME_BEFORE_DECRYPTION;TEST STRING B;64;432;;16
20.700339550010447;My_Test_ECU_3;AUTH_RECEIVE_TIME_AFTER_DECRYPTION;AUTH_RECEIVE_TIME_AFTER_DECRYPTION;TEST STRING B;64;432;;16
20.700339550010494;My_Test_ECU_3;AUTH_RECEIVE_TIME_BEFORE_DECRYPTION;AUTH_RECEIVE_TIME_BEFORE_DECRYPTION;TEST STRING B;64;432;;16
20.700510325010445;My_Test_ECU_4;AUTH_RECEIVE_TIME_AFTER_DECRYPTION;AUTH_RECEIVE_TIME_AFTER_DECRYPTION;TEST STRING B;64;432;;16
20.70051032501049;My_Test_ECU_4;AUTH_RECEIVE_TIME_BEFORE_DECRYPTION;AUTH_RECEIVE_TIME_BEFORE_DECRYPTION;TEST STRING B;64;432;;16
20.700510325010445;My_Test_ECU_5;AUTH_RECEIVE_TIME_AFTER_DECRYPTION;AUTH_RECEIVE_TIME_AFTER_DECRYPTION;TEST STRING B;64;432;;16
20.70051032501049;My_Test_ECU_5;AUTH_RECEIVE_TIME_BEFORE_DECRYPTION;AUTH_RECEIVE_TIME_BEFORE_DECRYPTION;TEST STRING B;64;432;;16
20.700510325010445;My_Test_ECU_6;AUTH_RECEIVE_TIME_AFTER_DECRYPTION;AUTH_RECEIVE_TIME_AFTER_DECRYPTION;TEST STRING B;64;432;;16
20.70051032501049;My_Test_ECU_6;AUTH_RECEIVE_TIME_BEFORE_DECRYPTION;AUTH_RECEIVE_TIME_BEFORE_DECRYPTION;TEST STRING B;64;432;;16
21.200000000010668;My_Test_ECU_1;AUTH_SEND_TIME_AFTER_ENCRYPTION;AUTH_SEND_TIME_AFTER_ENCRYPTION;TEST STRING B;64;432;;16
21.500000000011102;My_Test_ECU_1;AUTH_SEND_TIME_BEFORE_ENCRYPTION;AUTH_SEND_TIME_BEFORE_ENCRYPTION;TEST STRING B;64;432;;16
21.200339550010494;My_Test_ECU_2;AUTH_RECEIVE_TIME_AFTER_DECRYPTION;AUTH_RECEIVE_TIME_AFTER_DECRYPTION;TEST STRING B;64;432;;16
21.200339550010664;My_Test_ECU_2;AUTH_RECEIVE_TIME_BEFORE_DECRYPTION;AUTH_RECEIVE_TIME_BEFORE_DECRYPTION;TEST STRING B;64;432;;16
21.200339550010494;My_Test_ECU_3;AUTH_RECEIVE_TIME_AFTER_DECRYPTION;AUTH_RECEIVE_TIME_AFTER_DECRYPTION;TEST STRING B;64;432;;16
21.200339550010664;My_Test_ECU_3;AUTH_RECEIVE_TIME_BEFORE_DECRYPTION;AUTH_RECEIVE_TIME_BEFORE_DECRYPTION;TEST STRING B;64;432;;16
21.20051032501049;My_Test_ECU_4;AUTH_RECEIVE_TIME_AFTER_DECRYPTION;AUTH_RECEIVE_TIME_AFTER_DECRYPTION;TEST STRING B;64;432;;16
21.20051032501066;My_Test_ECU_4;AUTH_RECEIVE_TIME_BEFORE_DECRYPTION;AUTH_RECEIVE_TIME_BEFORE_DECRYPTION;TEST STRING B;64;432;;16
21.20051032501049;My_Test_ECU_5;AUTH_RECEIVE_TIME_AFTER_DECRYPTION;AUTH_RECEIVE_TIME_AFTER_DECRYPTION;TEST STRING B;64;432;;16
21.20051032501066;My_Test_ECU_5;AUTH_RECEIVE_TIME_BEFORE_DECRYPTION;AUTH_RECEIVE_TIME_BEFORE_DECRYPTION;TEST STRING B;64;432;;16
21.20051032501049;My_Test_ECU_6;AUTH_RECEIVE_TIME_AFTER_DECRYPTION;AUTH_RECEIVE_TIME_AFTER_DECRYPTION;TEST STRING B;64;432;;16
21.20051032501066;My_Test_ECU_6;AUTH_RECEIVE_TIME_BEFORE_DECRYPTION;AUTH_RECEIVE_TIME_BEFORE_DECRYPTION;TEST STRING B;64;432;;16
21.7000000000111;My_Test_ECU_1;AUTH_SEND_TIME_AFTER_ENCRYPTION;AUTH_SEND_TIME_AFTER_ENCRYPTION;TEST STRING B;64;432;;16
22.000000000011234;My_Test_ECU_1;AUTH_SEND_TIME_BEFORE_ENCRYPTION;AUTH_SEND_TIME_BEFORE_ENCRYPTION;TEST STRING B;64;432;;16
21.700339550010664;My_Test_ECU_2;AUTH_RECEIVE_TIME_AFTER_DECRYPTION;AUTH_RECEIVE_TIME_AFTER_DECRYPTION;TEST STRING B;64;432;;16
21.700339550011098;My_Test_ECU_2;AUTH_RECEIVE_TIME_BEFORE_DECRYPTION;AUTH_RECEIVE_TIME_BEFORE_DECRYPTION;TEST STRING B;64;432;;16
21.700339550010664;My_Test_ECU_3;AUTH_RECEIVE_TIME_AFTER_DECRYPTION;AUTH_RECEIVE_TIME_AFTER_DECRYPTION;TEST STRING B;64;432;;16
21.700339550011098;My_Test_ECU_3;AUTH_RECEIVE_TIME_BEFORE_DECRYPTION;AUTH_RECEIVE_TIME_BEFORE_DECRYPTION;TEST STRING B;64;432;;16
21.70051032501066;My_Test_ECU_4;AUTH_RECEIVE_TIME_AFTER_DECRYPTION;AUTH_RECEIVE_TIME_AFTER_DECRYPTION;TEST STRING B;64;432;;16
21.700510325011095;My_Test_ECU_4;AUTH_RECEIVE_TIME_BEFORE_DECRYPTION;AUTH_RECEIVE_TIME_BEFORE_DECRYPTION;TEST STRING B;64;432;;16
21.70051032501066;My_Test_ECU_5;AUTH_RECEIVE_TIME_AFTER_DECRYPTION;AUTH_RECEIVE_TIME_AFTER_DECRYPTION;TEST STRING B;64;432;;16
21.700510325011095;My_Test_ECU_5;AUTH_RECEIVE_TIME_BEFORE_DECRYPTION;AUTH_RECEIVE_TIME_BEFORE_DECRYPTION;TEST STRING B;64;432;;16
21.70051032501066;My_Test_ECU_6;AUTH_RECEIVE_TIME_AFTER_DECRYPTION;AUTH_RECEIVE_TIME_AFTER_DECRYPTION;TEST STRING B;64;432;;16
21.700510325011095;My_Test_ECU_6;AUTH_RECEIVE_TIME_BEFORE_DECRYPTION;AUTH_RECEIVE_TIME_BEFORE_DECRYPTION;TEST STRING B;64;432;;16
22.200000000011233;My_Test_ECU_1;AUTH_SEND_TIME_AFTER_ENCRYPTION;AUTH_SEND_TIME_AFTER_ENCRYPTION;TEST STRING B;64;432;;16
22.500000000011276;My_Test_ECU_1;AUTH_SEND_TIME_BEFORE_ENCRYPTION;AUTH_SEND_TIME_BEFORE_ENCRYPTION;TEST STRING B;64;432;;16
22.200339550011098;My_Test_ECU_2;AUTH_RECEIVE_TIME_AFTER_DECRYPTION;AUTH_RECEIVE_TIME_AFTER_DECRYPTION;TEST STRING B;64;432;;16
22.20033955001123;My_Test_ECU_2;AUTH_RECEIVE_TIME_BEFORE_DECRYPTION;AUTH_RECEIVE_TIME_BEFORE_DECRYPTION;TEST STRING B;64;432;;16
22.200339550011098;My_Test_ECU_3;AUTH_RECEIVE_TIME_AFTER_DECRYPTION;AUTH_RECEIVE_TIME_AFTER_DECRYPTION;TEST STRING B;64;432;;16
22.20033955001123;My_Test_ECU_3;AUTH_RECEIVE_TIME_BEFORE_DECRYPTION;AUTH_RECEIVE_TIME_BEFORE_DECRYPTION;TEST STRING B;64;432;;16
22.200510325011095;My_Test_ECU_4;AUTH_RECEIVE_TIME_AFTER_DECRYPTION;AUTH_RECEIVE_TIME_AFTER_DECRYPTION;TEST STRING B;64;432;;16
22.200510325011226;My_Test_ECU_4;AUTH_RECEIVE_TIME_BEFORE_DECRYPTION;AUTH_RECEIVE_TIME_BEFORE_DECRYPTION;TEST STRING B;64;432;;16
22.200510325011095;My_Test_ECU_5;AUTH_RECEIVE_TIME_AFTER_DECRYPTION;AUTH_RECEIVE_TIME_AFTER_DECRYPTION;TEST STRING B;64;432;;16
22.200510325011226;My_Test_ECU_5;AUTH_RECEIVE_TIME_BEFORE_DECRYPTION;AUTH_RECEIVE_TIME_BEFORE_DECRYPTION;TEST STRING B;64;432;;16
22.200510325011095;My_Test_ECU_6;AUTH_RECEIVE_TIME_AFTER_DECRYPTION;AUTH_RECEIVE_TIME_AFTER_DECRYPTION;TEST STRING B;64;432;;16
22.200510325011226;My_Test_ECU_6;AUTH_RECEIVE_TIME_BEFORE_DECRYPTION;AUTH_RECEIVE_TIME_BEFORE_DECRYPTION;TEST STRING B;64;432;;16
22.700000000011276;My_Test_ECU_1;AUTH_SEND_TIME_AFTER_ENCRYPTION;AUTH_SEND_TIME_AFTER_ENCRYPTION;TEST STRING B;64;432;;16
23.000000000011504;My_Test_ECU_1;AUTH_SEND_TIME_BEFORE_ENCRYPTION;AUTH_SEND_TIME_BEFORE_ENCRYPTION;TEST STRING B;64;432;;16
22.70033955001123;My_Test_ECU_2;AUTH_RECEIVE_TIME_AFTER_DECRYPTION;AUTH_RECEIVE_TIME_AFTER_DECRYPTION;TEST STRING B;64;432;;16
22.70033955001127;My_Test_ECU_2;AUTH_RECEIVE_TIME_BEFORE_DECRYPTION;AUTH_RECEIVE_TIME_BEFORE_DECRYPTION;TEST STRING B;64;432;;16
22.70033955001123;My_Test_ECU_3;AUTH_RECEIVE_TIME_AFTER_DECRYPTION;AUTH_RECEIVE_TIME_AFTER_DECRYPTION;TEST STRING B;64;432;;16
22.70033955001127;My_Test_ECU_3;AUTH_RECEIVE_TIME_BEFORE_DECRYPTION;AUTH_RECEIVE_TIME_BEFORE_DECRYPTION;TEST STRING B;64;432;;16
22.700510325011226;My_Test_ECU_4;AUTH_RECEIVE_TIME_AFTER_DECRYPTION;AUTH_RECEIVE_TIME_AFTER_DECRYPTION;TEST STRING B;64;432;;16
22.70051032501127;My_Test_ECU_4;AUTH_RECEIVE_TIME_BEFORE_DECRYPTION;AUTH_RECEIVE_TIME_BEFORE_DECRYPTION;TEST STRING B;64;432;;16
22.700510325011226;My_Test_ECU_5;AUTH_RECEIVE_TIME_AFTER_DECRYPTION;AUTH_RECEIVE_TIME_AFTER_DECRYPTION;TEST STRING B;64;432;;16
22.70051032501127;My_Test_ECU_5;AUTH_RECEIVE_TIME_BEFORE_DECRYPTION;AUTH_RECEIVE_TIME_BEFORE_DECRYPTION;TEST STRING B;64;432;;16
22.700510325011226;My_Test_ECU_6;AUTH_RECEIVE_TIME_AFTER_DECRYPTION;AUTH_RECEIVE_TIME_AFTER_DECRYPTION;TEST STRING B;64;432;;16
22.70051032501127;My_Test_ECU_6;AUTH_RECEIVE_TIME_BEFORE_DECRYPTION;AUTH_RECEIVE_TIME_BEFORE_DECRYPTION;TEST STRING B;64;432;;16
23.200000000011503;My_Test_ECU_1;AUTH_SEND_TIME_AFTER_ENCRYPTION;AUTH_SEND_TIME_AFTER_ENCRYPTION;TEST STRING B;64;432;;16
23.500000000011816;My_Test_ECU_1;AUTH_SEND_TIME_BEFORE_ENCRYPTION;AUTH_SEND_TIME_BEFORE_ENCRYPTION;TEST STRING B;64;432;;16
23.20033955001127;My_Test_ECU_2;AUTH_RECEIVE_TIME_AFTER_DECRYPTION;AUTH_RECEIVE_TIME_AFTER_DECRYPTION;TEST STRING B;64;432;;16
23.2003395500115;My_Test_ECU_2;AUTH_RECEIVE_TIME_BEFORE_DECRYPTION;AUTH_RECEIVE_TIME_BEFORE_DECRYPTION;TEST STRING B;64;432;;16
23.20033955001127;My_Test_ECU_3;AUTH_RECEIVE_TIME_AFTER_DECRYPTION;AUTH_RECEIVE_TIME_AFTER_DECRYPTION;TEST STRING B;64;432;;16
23.2003395500115;My_Test_ECU_3;AUTH_RECEIVE_TIME_BEFORE_DECRYPTION;AUTH_RECEIVE_TIME_BEFORE_DECRYPTION;TEST STRING B;64;432;;16
23.20051032501127;My_Test_ECU_4;AUTH_RECEIVE_TIME_AFTER_DECRYPTION;AUTH_RECEIVE_TIME_AFTER_DECRYPTION;TEST STRING B;64;432;;16
23.200510325011496;My_Test_ECU_4;AUTH_RECEIVE_TIME_BEFORE_DECRYPTION;AUTH_RECEIVE_TIME_BEFORE_DECRYPTION;TEST STRING B;64;432;;16
23.20051032501127;My_Test_ECU_5;AUTH_RECEIVE_TIME_AFTER_DECRYPTION;AUTH_RECEIVE_TIME_AFTER_DECRYPTION;TEST STRING B;64;432;;16
23.200510325011496;My_Test_ECU_5;AUTH_RECEIVE_TIME_BEFORE_DECRYPTION;AUTH_RECEIVE_TIME_BEFORE_DECRYPTION;TEST STRING B;64;432;;16
23.20051032501127;My_Test_ECU_6;AUTH_RECEIVE_TIME_AFTER_DECRYPTION;AUTH_RECEIVE_TIME_AFTER_DECRYPTION;TEST STRING B;64;432;;16
23.200510325011496;My_Test_ECU_6;AUTH_RECEIVE_TIME_BEFORE_DECRYPTION;AUTH_RECEIVE_TIME_BEFORE_DECRYPTION;TEST STRING B;64;432;;16
23.700000000011816;My_Test_ECU_1;AUTH_SEND_TIME_AFTER_ENCRYPTION;AUTH_SEND_TIME_AFTER_ENCRYPTION;TEST STRING B;64;432;;16
23.7003395500115;My_Test_ECU_2;AUTH_RECEIVE_TIME_AFTER_DECRYPTION;AUTH_RECEIVE_TIME_AFTER_DECRYPTION;TEST STRING B;64;432;;16
23.70033955001181;My_Test_ECU_2;AUTH_RECEIVE_TIME_BEFORE_DECRYPTION;AUTH_RECEIVE_TIME_BEFORE_DECRYPTION;TEST STRING B;64;432;;16
23.7003395500115;My_Test_ECU_3;AUTH_RECEIVE_TIME_AFTER_DECRYPTION;AUTH_RECEIVE_TIME_AFTER_DECRYPTION;TEST STRING B;64;432;;16
23.70033955001181;My_Test_ECU_3;AUTH_RECEIVE_TIME_BEFORE_DECRYPTION;AUTH_RECEIVE_TIME_BEFORE_DECRYPTION;TEST STRING B;64;432;;16
23.700510325011496;My_Test_ECU_4;AUTH_RECEIVE_TIME_AFTER_DECRYPTION;AUTH_RECEIVE_TIME_AFTER_DECRYPTION;TEST STRING B;64;432;;16
23.70051032501181;My_Test_ECU_4;AUTH_RECEIVE_TIME_BEFORE_DECRYPTION;AUTH_RECEIVE_TIME_BEFORE_DECRYPTION;TEST STRING B;64;432;;16
23.700510325011496;My_Test_ECU_5;AUTH_RECEIVE_TIME_AFTER_DECRYPTION;AUTH_RECEIVE_TIME_AFTER_DECRYPTION;TEST STRING B;64;432;;16
23.70051032501181;My_Test_ECU_5;AUTH_RECEIVE_TIME_BEFORE_DECRYPTION;AUTH_RECEIVE_TIME_BEFORE_DECRYPTION;TEST STRING B;64;432;;16
23.700510325011496;My_Test_ECU_6;AUTH_RECEIVE_TIME_AFTER_DECRYPTION;AUTH_RECEIVE_TIME_AFTER_DECRYPTION;TEST STRING B;64;432;;16
23.70051032501181;My_Test_ECU_6;AUTH_RECEIVE_TIME_BEFORE_DECRYPTION;AUTH_RECEIVE_TIME_BEFORE_DECRYPTION;TEST STRING B;64;432;;16
24.000000000012264;My_Test_ECU_1;AUTH_SEND_TIME_BEFORE_ENCRYPTION;AUTH_SEND_TIME_BEFORE_ENCRYPTION;TEST STRING B;64;432;;16
24.200000000012263;My_Test_ECU_1;AUTH_SEND_TIME_AFTER_ENCRYPTION;AUTH_SEND_TIME_AFTER_ENCRYPTION;TEST STRING B;64;432;;16
24.20033955001181;My_Test_ECU_2;AUTH_RECEIVE_TIME_AFTER_DECRYPTION;AUTH_RECEIVE_TIME_AFTER_DECRYPTION;TEST STRING B;64;432;;16
24.20033955001226;My_Test_ECU_2;AUTH_RECEIVE_TIME_BEFORE_DECRYPTION;AUTH_RECEIVE_TIME_BEFORE_DECRYPTION;TEST STRING B;64;432;;16
24.20033955001181;My_Test_ECU_3;AUTH_RECEIVE_TIME_AFTER_DECRYPTION;AUTH_RECEIVE_TIME_AFTER_DECRYPTION;TEST STRING B;64;432;;16
24.20033955001226;My_Test_ECU_3;AUTH_RECEIVE_TIME_BEFORE_DECRYPTION;AUTH_RECEIVE_TIME_BEFORE_DECRYPTION;TEST STRING B;64;432;;16
24.20051032501181;My_Test_ECU_4;AUTH_RECEIVE_TIME_AFTER_DECRYPTION;AUTH_RECEIVE_TIME_AFTER_DECRYPTION;TEST STRING B;64;432;;16
24.200510325012257;My_Test_ECU_4;AUTH_RECEIVE_TIME_BEFORE_DECRYPTION;AUTH_RECEIVE_TIME_BEFORE_DECRYPTION;TEST STRING B;64;432;;16
24.20051032501181;My_Test_ECU_5;AUTH_RECEIVE_TIME_AFTER_DECRYPTION;AUTH_RECEIVE_TIME_AFTER_DECRYPTION;TEST STRING B;64;432;;16
24.200510325012257;My_Test_ECU_5;AUTH_RECEIVE_TIME_BEFORE_DECRYPTION;AUTH_RECEIVE_TIME_BEFORE_DECRYPTION;TEST STRING B;64;432;;16
24.20051032501181;My_Test_ECU_6;AUTH_RECEIVE_TIME_AFTER_DECRYPTION;AUTH_RECEIVE_TIME_AFTER_DECRYPTION;TEST STRING B;64;432;;16
24.200510325012257;My_Test_ECU_6;AUTH_RECEIVE_TIME_BEFORE_DECRYPTION;AUTH_RECEIVE_TIME_BEFORE_DECRYPTION;TEST STRING B;64;432;;16
24.500000000012648;My_Test_ECU_1;AUTH_SEND_TIME_BEFORE_ENCRYPTION;AUTH_SEND_TIME_BEFORE_ENCRYPTION;TEST STRING B;64;432;;16
24.700000000012647;My_Test_ECU_1;AUTH_SEND_TIME_AFTER_ENCRYPTION;AUTH_SEND_TIME_AFTER_ENCRYPTION;TEST STRING B;64;432;;16
24.70033955001226;My_Test_ECU_2;AUTH_RECEIVE_TIME_AFTER_DECRYPTION;AUTH_RECEIVE_TIME_AFTER_DECRYPTION;TEST STRING B;64;432;;16
24.700339550012643;My_Test_ECU_2;AUTH_RECEIVE_TIME_BEFORE_DECRYPTION;AUTH_RECEIVE_TIME_BEFORE_DECRYPTION;TEST STRING B;64;432;;16
24.70033955001226;My_Test_ECU_3;AUTH_RECEIVE_TIME_AFTER_DECRYPTION;AUTH_RECEIVE_TIME_AFTER_DECRYPTION;TEST STRING B;64;432;;16
24.700339550012643;My_Test_ECU_3;AUTH_RECEIVE_TIME_BEFORE_DECRYPTION;AUTH_RECEIVE_TIME_BEFORE_DECRYPTION;TEST STRING B;64;432;;16
24.700510325012257;My_Test_ECU_4;AUTH_RECEIVE_TIME_AFTER_DECRYPTION;AUTH_RECEIVE_TIME_AFTER_DECRYPTION;TEST STRING B;64;432;;16
24.70051032501264;My_Test_ECU_4;AUTH_RECEIVE_TIME_BEFORE_DECRYPTION;AUTH_RECEIVE_TIME_BEFORE_DECRYPTION;TEST STRING B;64;432;;16
24.700510325012257;My_Test_ECU_5;AUTH_RECEIVE_TIME_AFTER_DECRYPTION;AUTH_RECEIVE_TIME_AFTER_DECRYPTION;TEST STRING B;64;432;;16
24.70051032501264;My_Test_ECU_5;AUTH_RECEIVE_TIME_BEFORE_DECRYPTION;AUTH_RECEIVE_TIME_BEFORE_DECRYPTION;TEST STRING B;64;432;;16
24.700510325012257;My_Test_ECU_6;AUTH_RECEIVE_TIME_AFTER_DECRYPTION;AUTH_RECEIVE_TIME_AFTER_DECRYPTION;TEST STRING B;64;432;;16
24.70051032501264;My_Test_ECU_6;AUTH_RECEIVE_TIME_BEFORE_DECRYPTION;AUTH_RECEIVE_TIME_BEFORE_DECRYPTION;TEST STRING B;64;432;;16
25.000000000012925;My_Test_ECU_1;AUTH_SEND_TIME_BEFORE_ENCRYPTION;AUTH_SEND_TIME_BEFORE_ENCRYPTION;TEST STRING B;64;432;;16
25.200000000012924;My_Test_ECU_1;AUTH_SEND_TIME_AFTER_ENCRYPTION;AUTH_SEND_TIME_AFTER_ENCRYPTION;TEST STRING B;64;432;;16
25.200339550012643;My_Test_ECU_2;AUTH_RECEIVE_TIME_AFTER_DECRYPTION;AUTH_RECEIVE_TIME_AFTER_DECRYPTION;TEST STRING B;64;432;;16
25.20033955001292;My_Test_ECU_2;AUTH_RECEIVE_TIME_BEFORE_DECRYPTION;AUTH_RECEIVE_TIME_BEFORE_DECRYPTION;TEST STRING B;64;432;;16
25.200339550012643;My_Test_ECU_3;AUTH_RECEIVE_TIME_AFTER_DECRYPTION;AUTH_RECEIVE_TIME_AFTER_DECRYPTION;TEST STRING B;64;432;;16
25.20033955001292;My_Test_ECU_3;AUTH_RECEIVE_TIME_BEFORE_DECRYPTION;AUTH_RECEIVE_TIME_BEFORE_DECRYPTION;TEST STRING B;64;432;;16
25.20051032501264;My_Test_ECU_4;AUTH_RECEIVE_TIME_AFTER_DECRYPTION;AUTH_RECEIVE_TIME_AFTER_DECRYPTION;TEST STRING B;64;432;;16
25.200510325012917;My_Test_ECU_4;AUTH_RECEIVE_TIME_BEFORE_DECRYPTION;AUTH_RECEIVE_TIME_BEFORE_DECRYPTION;TEST STRING B;64;432;;16
25.20051032501264;My_Test_ECU_5;AUTH_RECEIVE_TIME_AFTER_DECRYPTION;AUTH_RECEIVE_TIME_AFTER_DECRYPTION;TEST STRING B;64;432;;16
25.200510325012917;My_Test_ECU_5;AUTH_RECEIVE_TIME_BEFORE_DECRYPTION;AUTH_RECEIVE_TIME_BEFORE_DECRYPTION;TEST STRING B;64;432;;16
25.20051032501264;My_Test_ECU_6;AUTH_RECEIVE_TIME_AFTER_DECRYPTION;AUTH_RECEIVE_TIME_AFTER_DECRYPTION;TEST STRING B;64;432;;16
25.200510325012917;My_Test_ECU_6;AUTH_RECEIVE_TIME_BEFORE_DECRYPTION;AUTH_RECEIVE_TIME_BEFORE_DECRYPTION;TEST STRING B;64;432;;16
25.500000000013376;My_Test_ECU_1;AUTH_SEND_TIME_BEFORE_ENCRYPTION;AUTH_SEND_TIME_BEFORE_ENCRYPTION;TEST STRING B;64;432;;16
25.700000000013375;My_Test_ECU_1;AUTH_SEND_TIME_AFTER_ENCRYPTION;AUTH_SEND_TIME_AFTER_ENCRYPTION;TEST STRING B;64;432;;16
25.70033955001292;My_Test_ECU_2;AUTH_RECEIVE_TIME_AFTER_DECRYPTION;AUTH_RECEIVE_TIME_AFTER_DECRYPTION;TEST STRING B;64;432;;16
25.70033955001337;My_Test_ECU_2;AUTH_RECEIVE_TIME_BEFORE_DECRYPTION;AUTH_RECEIVE_TIME_BEFORE_DECRYPTION;TEST STRING B;64;432;;16
25.70033955001292;My_Test_ECU_3;AUTH_RECEIVE_TIME_AFTER_DECRYPTION;AUTH_RECEIVE_TIME_AFTER_DECRYPTION;TEST STRING B;64;432;;16
25.70033955001337;My_Test_ECU_3;AUTH_RECEIVE_TIME_BEFORE_DECRYPTION;AUTH_RECEIVE_TIME_BEFORE_DECRYPTION;TEST STRING B;64;432;;16
25.700510325012917;My_Test_ECU_4;AUTH_RECEIVE_TIME_AFTER_DECRYPTION;AUTH_RECEIVE_TIME_AFTER_DECRYPTION;TEST STRING B;64;432;;16
25.70051032501337;My_Test_ECU_4;AUTH_RECEIVE_TIME_BEFORE_DECRYPTION;AUTH_RECEIVE_TIME_BEFORE_DECRYPTION;TEST STRING B;64;432;;16
25.700510325012917;My_Test_ECU_5;AUTH_RECEIVE_TIME_AFTER_DECRYPTION;AUTH_RECEIVE_TIME_AFTER_DECRYPTION;TEST STRING B;64;432;;16
25.70051032501337;My_Test_ECU_5;AUTH_RECEIVE_TIME_BEFORE_DECRYPTION;AUTH_RECEIVE_TIME_BEFORE_DECRYPTION;TEST STRING B;64;432;;16
25.700510325012917;My_Test_ECU_6;AUTH_RECEIVE_TIME_AFTER_DECRYPTION;AUTH_RECEIVE_TIME_AFTER_DECRYPTION;TEST STRING B;64;432;;16
25.70051032501337;My_Test_ECU_6;AUTH_RECEIVE_TIME_BEFORE_DECRYPTION;AUTH_RECEIVE_TIME_BEFORE_DECRYPTION;TEST STRING B;64;432;;16
26.00000000001379;My_Test_ECU_1;AUTH_SEND_TIME_BEFORE_ENCRYPTION;AUTH_SEND_TIME_BEFORE_ENCRYPTION;TEST STRING B;64;432;;16
26.20000000001379;My_Test_ECU_1;AUTH_SEND_TIME_AFTER_ENCRYPTION;AUTH_SEND_TIME_AFTER_ENCRYPTION;TEST STRING B;64;432;;16
26.20033955001337;My_Test_ECU_2;AUTH_RECEIVE_TIME_AFTER_DECRYPTION;AUTH_RECEIVE_TIME_AFTER_DECRYPTION;TEST STRING B;64;432;;16
26.200339550013787;My_Test_ECU_2;AUTH_RECEIVE_TIME_BEFORE_DECRYPTION;AUTH_RECEIVE_TIME_BEFORE_DECRYPTION;TEST STRING B;64;432;;16
26.20033955001337;My_Test_ECU_3;AUTH_RECEIVE_TIME_AFTER_DECRYPTION;AUTH_RECEIVE_TIME_AFTER_DECRYPTION;TEST STRING B;64;432;;16
26.200339550013787;My_Test_ECU_3;AUTH_RECEIVE_TIME_BEFORE_DECRYPTION;AUTH_RECEIVE_TIME_BEFORE_DECRYPTION;TEST STRING B;64;432;;16
26.20051032501337;My_Test_ECU_4;AUTH_RECEIVE_TIME_AFTER_DECRYPTION;AUTH_RECEIVE_TIME_AFTER_DECRYPTION;TEST STRING B;64;432;;16
26.200510325013784;My_Test_ECU_4;AUTH_RECEIVE_TIME_BEFORE_DECRYPTION;AUTH_RECEIVE_TIME_BEFORE_DECRYPTION;TEST STRING B;64;432;;16
26.20051032501337;My_Test_ECU_5;AUTH_RECEIVE_TIME_AFTER_DECRYPTION;AUTH_RECEIVE_TIME_AFTER_DECRYPTION;TEST STRING B;64;432;;16
26.200510325013784;My_Test_ECU_5;AUTH_RECEIVE_TIME_BEFORE_DECRYPTION;AUTH_RECEIVE_TIME_BEFORE_DECRYPTION;TEST STRING B;64;432;;16
26.20051032501337;My_Test_ECU_6;AUTH_RECEIVE_TIME_AFTER_DECRYPTION;AUTH_RECEIVE_TIME_AFTER_DECRYPTION;TEST STRING B;64;432;;16
26.200510325013784;My_Test_ECU_6;AUTH_RECEIVE_TIME_BEFORE_DECRYPTION;AUTH_RECEIVE_TIME_BEFORE_DECRYPTION;TEST STRING B;64;432;;16
26.500000000013905;My_Test_ECU_1;AUTH_SEND_TIME_BEFORE_ENCRYPTION;AUTH_SEND_TIME_BEFORE_ENCRYPTION;TEST STRING B;64;432;;16
26.700000000013905;My_Test_ECU_1;AUTH_SEND_TIME_AFTER_ENCRYPTION;AUTH_SEND_TIME_AFTER_ENCRYPTION;TEST STRING B;64;432;;16
26.700339550013787;My_Test_ECU_2;AUTH_RECEIVE_TIME_AFTER_DECRYPTION;AUTH_RECEIVE_TIME_AFTER_DECRYPTION;TEST STRING B;64;432;;16
26.7003395500139;My_Test_ECU_2;AUTH_RECEIVE_TIME_BEFORE_DECRYPTION;AUTH_RECEIVE_TIME_BEFORE_DECRYPTION;TEST STRING B;64;432;;16
26.700339550013787;My_Test_ECU_3;AUTH_RECEIVE_TIME_AFTER_DECRYPTION;AUTH_RECEIVE_TIME_AFTER_DECRYPTION;TEST STRING B;64;432;;16
26.7003395500139;My_Test_ECU_3;AUTH_RECEIVE_TIME_BEFORE_DECRYPTION;AUTH_RECEIVE_TIME_BEFORE_DECRYPTION;TEST STRING B;64;432;;16
26.700510325013784;My_Test_ECU_4;AUTH_RECEIVE_TIME_AFTER_DECRYPTION;AUTH_RECEIVE_TIME_AFTER_DECRYPTION;TEST STRING B;64;432;;16
26.700510325013898;My_Test_ECU_4;AUTH_RECEIVE_TIME_BEFORE_DECRYPTION;AUTH_RECEIVE_TIME_BEFORE_DECRYPTION;TEST STRING B;64;432;;16
26.700510325013784;My_Test_ECU_5;AUTH_RECEIVE_TIME_AFTER_DECRYPTION;AUTH_RECEIVE_TIME_AFTER_DECRYPTION;TEST STRING B;64;432;;16
26.700510325013898;My_Test_ECU_5;AUTH_RECEIVE_TIME_BEFORE_DECRYPTION;AUTH_RECEIVE_TIME_BEFORE_DECRYPTION;TEST STRING B;64;432;;16
26.700510325013784;My_Test_ECU_6;AUTH_RECEIVE_TIME_AFTER_DECRYPTION;AUTH_RECEIVE_TIME_AFTER_DECRYPTION;TEST STRING B;64;432;;16
26.700510325013898;My_Test_ECU_6;AUTH_RECEIVE_TIME_BEFORE_DECRYPTION;AUTH_RECEIVE_TIME_BEFORE_DECRYPTION;TEST STRING B;64;432;;16
27.00000000001411;My_Test_ECU_1;AUTH_SEND_TIME_BEFORE_ENCRYPTION;AUTH_SEND_TIME_BEFORE_ENCRYPTION;TEST STRING B;64;432;;16
27.20000000001411;My_Test_ECU_1;AUTH_SEND_TIME_AFTER_ENCRYPTION;AUTH_SEND_TIME_AFTER_ENCRYPTION;TEST STRING B;64;432;;16
27.2003395500139;My_Test_ECU_2;AUTH_RECEIVE_TIME_AFTER_DECRYPTION;AUTH_RECEIVE_TIME_AFTER_DECRYPTION;TEST STRING B;64;432;;16
27.200339550014107;My_Test_ECU_2;AUTH_RECEIVE_TIME_BEFORE_DECRYPTION;AUTH_RECEIVE_TIME_BEFORE_DECRYPTION;TEST STRING B;64;432;;16
27.2003395500139;My_Test_ECU_3;AUTH_RECEIVE_TIME_AFTER_DECRYPTION;AUTH_RECEIVE_TIME_AFTER_DECRYPTION;TEST STRING B;64;432;;16
27.200339550014107;My_Test_ECU_3;AUTH_RECEIVE_TIME_BEFORE_DECRYPTION;AUTH_RECEIVE_TIME_BEFORE_DECRYPTION;TEST STRING B;64;432;;16
27.200510325013898;My_Test_ECU_4;AUTH_RECEIVE_TIME_AFTER_DECRYPTION;AUTH_RECEIVE_TIME_AFTER_DECRYPTION;TEST STRING B;64;432;;16
27.200510325014104;My_Test_ECU_4;AUTH_RECEIVE_TIME_BEFORE_DECRYPTION;AUTH_RECEIVE_TIME_BEFORE_DECRYPTION;TEST STRING B;64;432;;16
27.200510325013898;My_Test_ECU_5;AUTH_RECEIVE_TIME_AFTER_DECRYPTION;AUTH_RECEIVE_TIME_AFTER_DECRYPTION;TEST STRING B;64;432;;16
27.200510325014104;My_Test_ECU_5;AUTH_RECEIVE_TIME_BEFORE_DECRYPTION;AUTH_RECEIVE_TIME_BEFORE_DECRYPTION;TEST STRING B;64;432;;16
27.200510325013898;My_Test_ECU_6;AUTH_RECEIVE_TIME_AFTER_DECRYPTION;AUTH_RECEIVE_TIME_AFTER_DECRYPTION;TEST STRING B;64;432;;16
27.200510325014104;My_Test_ECU_6;AUTH_RECEIVE_TIME_BEFORE_DECRYPTION;AUTH_RECEIVE_TIME_BEFORE_DECRYPTION;TEST STRING B;64;432;;16
27.500000000014293;My_Test_ECU_1;AUTH_SEND_TIME_BEFORE_ENCRYPTION;AUTH_SEND_TIME_BEFORE_ENCRYPTION;TEST STRING B;64;432;;16
27.700000000014292;My_Test_ECU_1;AUTH_SEND_TIME_AFTER_ENCRYPTION;AUTH_SEND_TIME_AFTER_ENCRYPTION;TEST STRING B;64;432;;16
27.700339550014107;My_Test_ECU_2;AUTH_RECEIVE_TIME_AFTER_DECRYPTION;AUTH_RECEIVE_TIME_AFTER_DECRYPTION;TEST STRING B;64;432;;16
27.700339550014288;My_Test_ECU_2;AUTH_RECEIVE_TIME_BEFORE_DECRYPTION;AUTH_RECEIVE_TIME_BEFORE_DECRYPTION;TEST STRING B;64;432;;16
27.700339550014107;My_Test_ECU_3;AUTH_RECEIVE_TIME_AFTER_DECRYPTION;AUTH_RECEIVE_TIME_AFTER_DECRYPTION;TEST STRING B;64;432;;16
27.700339550014288;My_Test_ECU_3;AUTH_RECEIVE_TIME_BEFORE_DECRYPTION;AUTH_RECEIVE_TIME_BEFORE_DECRYPTION;TEST STRING B;64;432;;16
27.700510325014104;My_Test_ECU_4;AUTH_RECEIVE_TIME_AFTER_DECRYPTION;AUTH_RECEIVE_TIME_AFTER_DECRYPTION;TEST STRING B;64;432;;16
27.700510325014285;My_Test_ECU_4;AUTH_RECEIVE_TIME_BEFORE_DECRYPTION;AUTH_RECEIVE_TIME_BEFORE_DECRYPTION;TEST STRING B;64;432;;16
27.700510325014104;My_Test_ECU_5;AUTH_RECEIVE_TIME_AFTER_DECRYPTION;AUTH_RECEIVE_TIME_AFTER_DECRYPTION;TEST STRING B;64;432;;16
27.700510325014285;My_Test_ECU_5;AUTH_RECEIVE_TIME_BEFORE_DECRYPTION;AUTH_RECEIVE_TIME_BEFORE_DECRYPTION;TEST STRING B;64;432;;16
27.700510325014104;My_Test_ECU_6;AUTH_RECEIVE_TIME_AFTER_DECRYPTION;AUTH_RECEIVE_TIME_AFTER_DECRYPTION;TEST STRING B;64;432;;16
27.700510325014285;My_Test_ECU_6;AUTH_RECEIVE_TIME_BEFORE_DECRYPTION;AUTH_RECEIVE_TIME_BEFORE_DECRYPTION;TEST STRING B;64;432;;16
28.000000000014545;My_Test_ECU_1;AUTH_SEND_TIME_BEFORE_ENCRYPTION;AUTH_SEND_TIME_BEFORE_ENCRYPTION;TEST STRING B;64;432;;16
28.200000000014544;My_Test_ECU_1;AUTH_SEND_TIME_AFTER_ENCRYPTION;AUTH_SEND_TIME_AFTER_ENCRYPTION;TEST STRING B;64;432;;16
28.200339550014288;My_Test_ECU_2;AUTH_RECEIVE_TIME_AFTER_DECRYPTION;AUTH_RECEIVE_TIME_AFTER_DECRYPTION;TEST STRING B;64;432;;16
28.20033955001454;My_Test_ECU_2;AUTH_RECEIVE_TIME_BEFORE_DECRYPTION;AUTH_RECEIVE_TIME_BEFORE_DECRYPTION;TEST STRING B;64;432;;16
28.200339550014288;My_Test_ECU_3;AUTH_RECEIVE_TIME_AFTER_DECRYPTION;AUTH_RECEIVE_TIME_AFTER_DECRYPTION;TEST STRING B;64;432;;16
28.20033955001454;My_Test_ECU_3;AUTH_RECEIVE_TIME_BEFORE_DECRYPTION;AUTH_RECEIVE_TIME_BEFORE_DECRYPTION;TEST STRING B;64;432;;16
28.200510325014285;My_Test_ECU_4;AUTH_RECEIVE_TIME_AFTER_DECRYPTION;AUTH_RECEIVE_TIME_AFTER_DECRYPTION;TEST STRING B;64;432;;16
28.200510325014537;My_Test_ECU_4;AUTH_RECEIVE_TIME_BEFORE_DECRYPTION;AUTH_RECEIVE_TIME_BEFORE_DECRYPTION;TEST STRING B;64;432;;16
28.200510325014285;My_Test_ECU_5;AUTH_RECEIVE_TIME_AFTER_DECRYPTION;AUTH_RECEIVE_TIME_AFTER_DECRYPTION;TEST STRING B;64;432;;16
28.200510325014537;My_Test_ECU_5;AUTH_RECEIVE_TIME_BEFORE_DECRYPTION;AUTH_RECEIVE_TIME_BEFORE_DECRYPTION;TEST STRING B;64;432;;16
28.200510325014285;My_Test_ECU_6;AUTH_RECEIVE_TIME_AFTER_DECRYPTION;AUTH_RECEIVE_TIME_AFTER_DECRYPTION;TEST STRING B;64;432;;16
28.200510325014537;My_Test_ECU_6;AUTH_RECEIVE_TIME_BEFORE_DECRYPTION;AUTH_RECEIVE_TIME_BEFORE_DECRYPTION;TEST STRING B;64;432;;16
28.500000000014783;My_Test_ECU_1;AUTH_SEND_TIME_BEFORE_ENCRYPTION;AUTH_SEND_TIME_BEFORE_ENCRYPTION;TEST STRING B;64;432;;16
28.700000000014782;My_Test_ECU_1;AUTH_SEND_TIME_AFTER_ENCRYPTION;AUTH_SEND_TIME_AFTER_ENCRYPTION;TEST STRING B;64;432;;16
28.70033955001454;My_Test_ECU_2;AUTH_RECEIVE_TIME_AFTER_DECRYPTION;AUTH_RECEIVE_TIME_AFTER_DECRYPTION;TEST STRING B;64;432;;16
28.700339550014778;My_Test_ECU_2;AUTH_RECEIVE_TIME_BEFORE_DECRYPTION;AUTH_RECEIVE_TIME_BEFORE_DECRYPTION;TEST STRING B;64;432;;16
28.70033955001454;My_Test_ECU_3;AUTH_RECEIVE_TIME_AFTER_DECRYPTION;AUTH_RECEIVE_TIME_AFTER_DECRYPTION;TEST STRING B;64;432;;16
28.700339550014778;My_Test_ECU_3;AUTH_RECEIVE_TIME_BEFORE_DECRYPTION;AUTH_RECEIVE_TIME_BEFORE_DECRYPTION;TEST STRING B;64;432;;16
28.700510325014537;My_Test_ECU_4;AUTH_RECEIVE_TIME_AFTER_DECRYPTION;AUTH_RECEIVE_TIME_AFTER_DECRYPTION;TEST STRING B;64;432;;16
28.700510325014776;My_Test_ECU_4;AUTH_RECEIVE_TIME_BEFORE_DECRYPTION;AUTH_RECEIVE_TIME_BEFORE_DECRYPTION;TEST STRING B;64;432;;16
28.700510325014537;My_Test_ECU_5;AUTH_RECEIVE_TIME_AFTER_DECRYPTION;AUTH_RECEIVE_TIME_AFTER_DECRYPTION;TEST STRING B;64;432;;16
28.700510325014776;My_Test_ECU_5;AUTH_RECEIVE_TIME_BEFORE_DECRYPTION;AUTH_RECEIVE_TIME_BEFORE_DECRYPTION;TEST STRING B;64;432;;16
28.700510325014537;My_Test_ECU_6;AUTH_RECEIVE_TIME_AFTER_DECRYPTION;AUTH_RECEIVE_TIME_AFTER_DECRYPTION;TEST STRING B;64;432;;16
28.700510325014776;My_Test_ECU_6;AUTH_RECEIVE_TIME_BEFORE_DECRYPTION;AUTH_RECEIVE_TIME_BEFORE_DECRYPTION;TEST STRING B;64;432;;16
29.00000000001513;My_Test_ECU_1;AUTH_SEND_TIME_BEFORE_ENCRYPTION;AUTH_SEND_TIME_BEFORE_ENCRYPTION;TEST STRING B;64;432;;16
29.20000000001513;My_Test_ECU_1;AUTH_SEND_TIME_AFTER_ENCRYPTION;AUTH_SEND_TIME_AFTER_ENCRYPTION;TEST STRING B;64;432;;16
29.200339550014778;My_Test_ECU_2;AUTH_RECEIVE_TIME_AFTER_DECRYPTION;AUTH_RECEIVE_TIME_AFTER_DECRYPTION;TEST STRING B;64;432;;16
29.200339550015126;My_Test_ECU_2;AUTH_RECEIVE_TIME_BEFORE_DECRYPTION;AUTH_RECEIVE_TIME_BEFORE_DECRYPTION;TEST STRING B;64;432;;16
29.200339550014778;My_Test_ECU_3;AUTH_RECEIVE_TIME_AFTER_DECRYPTION;AUTH_RECEIVE_TIME_AFTER_DECRYPTION;TEST STRING B;64;432;;16
29.200339550015126;My_Test_ECU_3;AUTH_RECEIVE_TIME_BEFORE_DECRYPTION;AUTH_RECEIVE_TIME_BEFORE_DECRYPTION;TEST STRING B;64;432;;16
29.200510325014776;My_Test_ECU_4;AUTH_RECEIVE_TIME_AFTER_DECRYPTION;AUTH_RECEIVE_TIME_AFTER_DECRYPTION;TEST STRING B;64;432;;16
29.200510325015124;My_Test_ECU_4;AUTH_RECEIVE_TIME_BEFORE_DECRYPTION;AUTH_RECEIVE_TIME_BEFORE_DECRYPTION;TEST STRING B;64;432;;16
29.200510325014776;My_Test_ECU_5;AUTH_RECEIVE_TIME_AFTER_DECRYPTION;AUTH_RECEIVE_TIME_AFTER_DECRYPTION;TEST STRING B;64;432;;16
29.200510325015124;My_Test_ECU_5;AUTH_RECEIVE_TIME_BEFORE_DECRYPTION;AUTH_RECEIVE_TIME_BEFORE_DECRYPTION;TEST STRING B;64;432;;16
29.200510325014776;My_Test_ECU_6;AUTH_RECEIVE_TIME_AFTER_DECRYPTION;AUTH_RECEIVE_TIME_AFTER_DECRYPTION;TEST STRING B;64;432;;16
29.200510325015124;My_Test_ECU_6;AUTH_RECEIVE_TIME_BEFORE_DECRYPTION;AUTH_RECEIVE_TIME_BEFORE_DECRYPTION;TEST STRING B;64;432;;16
29.50000000001529;My_Test_ECU_1;AUTH_SEND_TIME_BEFORE_ENCRYPTION;AUTH_SEND_TIME_BEFORE_ENCRYPTION;TEST STRING B;64;432;;16
29.70000000001529;My_Test_ECU_1;AUTH_SEND_TIME_AFTER_ENCRYPTION;AUTH_SEND_TIME_AFTER_ENCRYPTION;TEST STRING B;64;432;;16
29.700339550015126;My_Test_ECU_2;AUTH_RECEIVE_TIME_AFTER_DECRYPTION;AUTH_RECEIVE_TIME_AFTER_DECRYPTION;TEST STRING B;64;432;;16
29.700339550015286;My_Test_ECU_2;AUTH_RECEIVE_TIME_BEFORE_DECRYPTION;AUTH_RECEIVE_TIME_BEFORE_DECRYPTION;TEST STRING B;64;432;;16
29.700339550015126;My_Test_ECU_3;AUTH_RECEIVE_TIME_AFTER_DECRYPTION;AUTH_RECEIVE_TIME_AFTER_DECRYPTION;TEST STRING B;64;432;;16
29.700339550015286;My_Test_ECU_3;AUTH_RECEIVE_TIME_BEFORE_DECRYPTION;AUTH_RECEIVE_TIME_BEFORE_DECRYPTION;TEST STRING B;64;432;;16
29.700510325015124;My_Test_ECU_4;AUTH_RECEIVE_TIME_AFTER_DECRYPTION;AUTH_RECEIVE_TIME_AFTER_DECRYPTION;TEST STRING B;64;432;;16
29.700510325015284;My_Test_ECU_4;AUTH_RECEIVE_TIME_BEFORE_DECRYPTION;AUTH_RECEIVE_TIME_BEFORE_DECRYPTION;TEST STRING B;64;432;;16
29.700510325015124;My_Test_ECU_5;AUTH_RECEIVE_TIME_AFTER_DECRYPTION;AUTH_RECEIVE_TIME_AFTER_DECRYPTION;TEST STRING B;64;432;;16
29.700510325015284;My_Test_ECU_5;AUTH_RECEIVE_TIME_BEFORE_DECRYPTION;AUTH_RECEIVE_TIME_BEFORE_DECRYPTION;TEST STRING B;64;432;;16
29.700510325015124;My_Test_ECU_6;AUTH_RECEIVE_TIME_AFTER_DECRYPTION;AUTH_RECEIVE_TIME_AFTER_DECRYPTION;TEST STRING B;64;432;;16
29.700510325015284;My_Test_ECU_6;AUTH_RECEIVE_TIME_BEFORE_DECRYPTION;AUTH_RECEIVE_TIME_BEFORE_DECRYPTION;TEST STRING B;64;432;;16
30.000000000015753;My_Test_ECU_1;AUTH_SEND_TIME_BEFORE_ENCRYPTION;AUTH_SEND_TIME_BEFORE_ENCRYPTION;TEST STRING B;64;432;;16
30.200000000015752;My_Test_ECU_1;AUTH_SEND_TIME_AFTER_ENCRYPTION;AUTH_SEND_TIME_AFTER_ENCRYPTION;TEST STRING B;64;432;;16
30.200339550015286;My_Test_ECU_2;AUTH_RECEIVE_TIME_AFTER_DECRYPTION;AUTH_RECEIVE_TIME_AFTER_DECRYPTION;TEST STRING B;64;432;;16
30.200339550015748;My_Test_ECU_2;AUTH_RECEIVE_TIME_BEFORE_DECRYPTION;AUTH_RECEIVE_TIME_BEFORE_DECRYPTION;TEST STRING B;64;432;;16
30.200339550015286;My_Test_ECU_3;AUTH_RECEIVE_TIME_AFTER_DECRYPTION;AUTH_RECEIVE_TIME_AFTER_DECRYPTION;TEST STRING B;64;432;;16
30.200339550015748;My_Test_ECU_3;AUTH_RECEIVE_TIME_BEFORE_DECRYPTION;AUTH_RECEIVE_TIME_BEFORE_DECRYPTION;TEST STRING B;64;432;;16
30.200510325015284;My_Test_ECU_4;AUTH_RECEIVE_TIME_AFTER_DECRYPTION;AUTH_RECEIVE_TIME_AFTER_DECRYPTION;TEST STRING B;64;432;;16
30.200510325015745;My_Test_ECU_4;AUTH_RECEIVE_TIME_BEFORE_DECRYPTION;AUTH_RECEIVE_TIME_BEFORE_DECRYPTION;TEST STRING B;64;432;;16
30.200510325015284;My_Test_ECU_5;AUTH_RECEIVE_TIME_AFTER_DECRYPTION;AUTH_RECEIVE_TIME_AFTER_DECRYPTION;TEST STRING B;64;432;;16
30.200510325015745;My_Test_ECU_5;AUTH_RECEIVE_TIME_BEFORE_DECRYPTION;AUTH_RECEIVE_TIME_BEFORE_DECRYPTION;TEST STRING B;64;432;;16
30.200510325015284;My_Test_ECU_6;AUTH_RECEIVE_TIME_AFTER_DECRYPTION;AUTH_RECEIVE_TIME_AFTER_DECRYPTION;TEST STRING B;64;432;;16
30.200510325015745;My_Test_ECU_6;AUTH_RECEIVE_TIME_BEFORE_DECRYPTION;AUTH_RECEIVE_TIME_BEFORE_DECRYPTION;TEST STRING B;64;432;;16
30.5000000000159;My_Test_ECU_1;AUTH_SEND_TIME_BEFORE_ENCRYPTION;AUTH_SEND_TIME_BEFORE_ENCRYPTION;TEST STRING B;64;432;;16
30.700000000015898;My_Test_ECU_1;AUTH_SEND_TIME_AFTER_ENCRYPTION;AUTH_SEND_TIME_AFTER_ENCRYPTION;TEST STRING B;64;432;;16
30.700339550015748;My_Test_ECU_2;AUTH_RECEIVE_TIME_AFTER_DECRYPTION;AUTH_RECEIVE_TIME_AFTER_DECRYPTION;TEST STRING B;64;432;;16
30.700339550015894;My_Test_ECU_2;AUTH_RECEIVE_TIME_BEFORE_DECRYPTION;AUTH_RECEIVE_TIME_BEFORE_DECRYPTION;TEST STRING B;64;432;;16
30.700339550015748;My_Test_ECU_3;AUTH_RECEIVE_TIME_AFTER_DECRYPTION;AUTH_RECEIVE_TIME_AFTER_DECRYPTION;TEST STRING B;64;432;;16
30.700339550015894;My_Test_ECU_3;AUTH_RECEIVE_TIME_BEFORE_DECRYPTION;AUTH_RECEIVE_TIME_BEFORE_DECRYPTION;TEST STRING B;64;432;;16
30.700510325015745;My_Test_ECU_4;AUTH_RECEIVE_TIME_AFTER_DECRYPTION;AUTH_RECEIVE_TIME_AFTER_DECRYPTION;TEST STRING B;64;432;;16
30.70051032501589;My_Test_ECU_4;AUTH_RECEIVE_TIME_BEFORE_DECRYPTION;AUTH_RECEIVE_TIME_BEFORE_DECRYPTION;TEST STRING B;64;432;;16
30.700510325015745;My_Test_ECU_5;AUTH_RECEIVE_TIME_AFTER_DECRYPTION;AUTH_RECEIVE_TIME_AFTER_DECRYPTION;TEST STRING B;64;432;;16
30.70051032501589;My_Test_ECU_5;AUTH_RECEIVE_TIME_BEFORE_DECRYPTION;AUTH_RECEIVE_TIME_BEFORE_DECRYPTION;TEST STRING B;64;432;;16
30.700510325015745;My_Test_ECU_6;AUTH_RECEIVE_TIME_AFTER_DECRYPTION;AUTH_RECEIVE_TIME_AFTER_DECRYPTION;TEST STRING B;64;432;;16
30.70051032501589;My_Test_ECU_6;AUTH_RECEIVE_TIME_BEFORE_DECRYPTION;AUTH_RECEIVE_TIME_BEFORE_DECRYPTION;TEST STRING B;64;432;;16
31.0000000000163;My_Test_ECU_1;AUTH_SEND_TIME_BEFORE_ENCRYPTION;AUTH_SEND_TIME_BEFORE_ENCRYPTION;TEST STRING B;64;432;;16
31.2000000000163;My_Test_ECU_1;AUTH_SEND_TIME_AFTER_ENCRYPTION;AUTH_SEND_TIME_AFTER_ENCRYPTION;TEST STRING B;64;432;;16
31.500000000016655;My_Test_ECU_1;AUTH_SEND_TIME_BEFORE_ENCRYPTION;AUTH_SEND_TIME_BEFORE_ENCRYPTION;TEST STRING B;64;432;;16
31.200339550015894;My_Test_ECU_2;AUTH_RECEIVE_TIME_AFTER_DECRYPTION;AUTH_RECEIVE_TIME_AFTER_DECRYPTION;TEST STRING B;64;432;;16
31.200339550016295;My_Test_ECU_2;AUTH_RECEIVE_TIME_BEFORE_DECRYPTION;AUTH_RECEIVE_TIME_BEFORE_DECRYPTION;TEST STRING B;64;432;;16
31.200339550015894;My_Test_ECU_3;AUTH_RECEIVE_TIME_AFTER_DECRYPTION;AUTH_RECEIVE_TIME_AFTER_DECRYPTION;TEST STRING B;64;432;;16
31.200339550016295;My_Test_ECU_3;AUTH_RECEIVE_TIME_BEFORE_DECRYPTION;AUTH_RECEIVE_TIME_BEFORE_DECRYPTION;TEST STRING B;64;432;;16
31.20051032501589;My_Test_ECU_4;AUTH_RECEIVE_TIME_AFTER_DECRYPTION;AUTH_RECEIVE_TIME_AFTER_DECRYPTION;TEST STRING B;64;432;;16
31.200510325016293;My_Test_ECU_4;AUTH_RECEIVE_TIME_BEFORE_DECRYPTION;AUTH_RECEIVE_TIME_BEFORE_DECRYPTION;TEST STRING B;64;432;;16
31.20051032501589;My_Test_ECU_5;AUTH_RECEIVE_TIME_AFTER_DECRYPTION;AUTH_RECEIVE_TIME_AFTER_DECRYPTION;TEST STRING B;64;432;;16
31.200510325016293;My_Test_ECU_5;AUTH_RECEIVE_TIME_BEFORE_DECRYPTION;AUTH_RECEIVE_TIME_BEFORE_DECRYPTION;TEST STRING B;64;432;;16
